Sex,Agemos,L,M,S,P3,P5,P10,P25,P50,P75,P85,P90,P95,P97
1,24,-2.01118107,16.575027675,0.080592465,14.520953329,14.737319472,15.090328265,15.74164233,16.575027675,17.55718781,18.162194733,18.609481276,19.338010618,19.859858115
1,24.5,-1.982373595,16.547774867,0.0801274288,14.503476669,14.719292573,15.071174743,15.71962876,16.547774867,17.521292788,18.119549228,18.561106338,19.278898128,19.791940141
1,25.5,-1.924100169,16.494427632,0.0792339937,14.46882381,14.683608414,15.033357254,15.676344635,16.494427632,17.451350388,18.036680126,18.467295933,19.164659645,19.66102345
1,26.5,-1.86549793,16.442595522,0.0783893561,14.43459737,14.648433294,14.996195048,15.634034999,16.442595522,17.383836555,17.957002275,18.377361906,19.055674233,19.536575397
1,27.5,-1.807261899,16.392243398,0.0775935012,14.400828277,14.613786255,14.959690474,15.592679796,16.392243398,17.318710201,17.880471005,18.29125345,18.951867497,19.418488052
1,28.5,-1.750118905,16.343336543,0.0768464622,14.367547175,14.579685777,14.923845144,15.552258528,16.343336543,17.255931298,17.807042591,18.208920408,18.853165291,19.306654105
1,29.5,-1.69481584,16.295840971,0.0761483079,14.334784135,14.546149661,14.888660028,15.512750567,16.295840971,17.195460929,17.736674142,18.130313102,18.759493593,19.200966909
1,30.5,-1.642106779,16.249723714,0.0754991255,14.302568372,14.513194923,14.85413557,15.474135486,16.249723714,17.137261294,17.669323458,18.055382142,18.670778406,19.10132056
1,31.5,-1.592744414,16.204952678,0.0748989935,14.270928334,14.480837948,14.820271893,15.436393188,16.204952678,17.081295301,17.604948602,17.984078116,18.586945886,19.007610506
1,32.5,-1.547442391,16.161498714,0.0743479966,14.239889707,14.449093293,14.7870687,15.399505213,16.161498714,17.027528307,17.543508981,17.916351977,18.507921309,18.919731254
1,33.5,-1.506902601,16.119332582,0.0738461386,14.209478199,14.417975614,14.754525899,15.363453352,16.119332582,16.975924854,17.484962947,17.852153836,18.433630719,18.837580724
1,34.5,-1.471770047,16.078427579,0.0733933698,14.179716981,14.387498109,14.722643426,15.328221247,16.078427579,16.926451011,17.429269329,17.791433588,18.363999601,18.761057109
1,35.5,-1.442628957,16.038758958,0.0729895508,14.150627151,14.357672932,14.691421518,15.293794298,16.038758958,16.879073565,17.376386767,17.734140533,18.298953229,18.690059923
1,36.5,-1.419991255,16.000304012,0.0726344323,14.122227569,14.328511189,14.660860875,15.260159883,16.000304012,16.833759903,17.326273561,17.680223246,18.238416662,18.624490107
1,37.5,-1.404277619,15.963042771,0.072327649,14.094534131,14.300022559,14.630962724,15.22730791,15.963042771,16.79047852,17.278887949,17.62962965,18.182314401,18.564249301
1,38.5,-1.39586317,15.926954175,0.0720686401,14.067563285,14.27221761,14.601729363,15.1952288,15.926954175,16.749195248,17.234185537,17.582305867,18.130572441,18.509244783
1,39.5,-1.394935252,15.892025816,0.0718568052,14.041322876,14.245102016,14.573163164,15.163919012,15.892025816,16.709882467,17.192125454,17.538198877,18.083113112,18.459377192
1,40.5,-1.401671596,15.858240929,0.071691278,14.015824303,14.218684325,14.545268061,15.133373821,15.858240929,16.672506675,17.152662007,17.497252885,18.039861981,18.414556972
1,41.5,-1.416100312,15.825588223,0.0715710933,13.991073321,14.192970112,14.518048471,15.103592813,15.825588223,16.637037867,17.115750983,17.459412067,18.00074262,18.374691868
1,42.5,-1.438164899,15.794057282,0.0714951131,13.967074386,14.167964724,14.491509775,15.074577279,15.794057282,16.603445205,17.081346773,17.424619345,17.965679031,18.339692642
1,43.5,-1.467669032,15.763642549,0.0714621062,13.943826979,14.143670894,14.4656578,15.046332352,15.763642549,16.571700922,17.049405037,17.392817585,17.934593498,18.309467847
1,44.5,-1.504376347,15.734336684,0.0714706462,13.921331901,14.120092688,14.440499466,15.018863186,15.734336684,16.541774116,17.019878597,17.363947848,17.907410074,18.283932044
1,45.5,-1.547942838,15.706135657,0.0715192177,13.899586603,14.097232459,14.416042095,14.992177659,15.706135657,16.513635771,16.992720871,17.337950949,17.884051832,18.262999112
1,46.5,-1.597896397,15.679040623,0.0716062769,13.878583524,14.075089663,14.392292996,14.966287194,15.679040623,16.487260819,16.967887393,17.314768223,17.864439827,18.246579487
1,47.5,-1.653732283,15.653051916,0.071730167,13.858315818,14.053664432,14.369260002,14.941203248,15.653051916,16.462622584,16.945332151,17.294339986,17.848496221,18.234587502
1,48.5,-1.714869347,15.628172692,0.0718892136,13.838774042,14.032955327,14.346950843,14.916939107,15.628172692,16.439696571,16.925010281,17.276606839,17.836142298,18.226936331
1,49.5,-1.780673181,15.604407997,0.0720817373,13.819947109,14.012959844,14.325373048,14.893509134,15.604407997,16.418459852,16.90687779,17.261509659,17.827298905,18.223538751
1,50.5,-1.850468473,15.58176458,0.0723060813,13.80182253,13.993674447,14.304533768,14.870928451,15.58176458,16.398891192,16.890891793,17.24898984,17.821886501,18.224306914
1,51.5,-1.923551865,15.560250666,0.0725606369,13.784386668,13.975094635,14.284439603,14.849212593,15.560250666,16.380971128,16.877010731,17.238989524,17.819825229,18.22915216
1,52.5,-1.999220429,15.539874597,0.0728438397,13.767626047,13.957215715,14.265096646,14.828376619,15.539874597,16.364680878,16.865193742,17.231451424,17.821035591,18.237986374
1,53.5,-2.076707178,15.520649927,0.0731543235,13.751522482,13.940029469,14.246509433,14.808437487,15.520649927,16.350007898,16.85540483,17.226321051,17.825435776,18.250714444
1,54.5,-2.155348017,15.502584267,0.0734906668,13.73606368,13.923531161,14.228682712,14.7894083,15.502584267,16.336934616,16.847604904,17.223542858,17.832947441,18.26724918
1,55.5,-2.234438552,15.485689732,0.0738516716,13.721233222,13.907712809,14.211619535,14.771303434,15.485689732,16.325449456,16.841759872,17.223064431,17.843490284,18.287496428
1,56.5,-2.313321723,15.469977177,0.0742362346,13.707015988,13.892566777,14.195322163,14.754135564,15.469977177,16.315541055,16.837836599,17.224834583,17.85698505,18.311362645
1,57.5,-2.391381273,15.455456916,0.0746433738,13.693397391,13.878085253,14.179791901,14.737915992,15.455456916,16.307199139,16.835803652,17.228803834,17.873353184,18.338753563
1,58.5,-2.468032491,15.442139608,0.0750722636,13.680362417,13.864259589,14.165028851,14.722655011,15.442139608,16.300415606,16.835632225,17.234925022,17.892516422,18.369572559
1,59.5,-2.542781541,15.430032072,0.0755221037,13.667899624,13.851083083,14.151032865,14.70836004,15.430032072,16.295179938,16.837292715,17.243151475,17.914398944,18.403726711
1,60.5,-2.61516595,15.419141631,0.0759922501,13.655996831,13.838548037,14.137802612,14.695037644,15.419141631,16.291483974,16.840758382,17.253439085,17.938925239,18.441120211
1,61.5,-2.684789516,15.409473561,0.0764821284,13.644643533,13.82664746,14.125336195,14.682692443,15.409473561,16.289319042,16.84600319,17.265745146,17.966021441,18.481658125
1,62.5,-2.751316949,15.401031388,0.0769912324,13.633830562,13.815374889,14.113631167,14.671327346,15.401031388,16.288676194,16.853001975,17.280028455,17.995615231,18.52524599
1,63.5,-2.81445945,15.393817852,0.0775191487,13.623549065,13.804723699,14.102684333,14.660944025,15.393817852,16.289547231,16.861731244,17.296249805,18.027635434,18.571788322
1,64.5,-2.87402476,15.387830936,0.0780653898,13.613794519,13.794690036,14.092492991,14.651541441,15.387830936,16.291919818,16.872165194,17.314369537,18.062013961,18.621195327
1,65.5,-2.92984048,15.383069448,0.0786295919,13.604561063,13.785268816,14.083053448,14.643118207,15.383069448,16.295783957,16.884280854,17.334350628,18.098683166,18.673373954
1,66.5,-2.981796828,15.37952958,0.0792113694,13.595844997,13.776456272,14.0743621,14.635671305,15.37952958,16.301127727,16.898054589,17.356156525,18.137577538,18.728233788
1,67.5,-3.029831343,15.37720582,0.0798103341,13.587643874,13.76824936,14.066415279,14.629196563,15.37720582,16.307938189,16.913462745,17.379751483,18.178633273,18.785685832
1,68.5,-3.073924224,15.376091068,0.0804260861,13.579956424,13.760645736,14.059209324,14.623688807,15.376091068,16.316201353,16.930481531,17.405100424,18.221788238,18.845642613
1,69.5,-3.114093476,15.376176765,0.0810582059,13.572782447,13.75364373,14.052740628,14.619142,15.376176765,16.32590217,16.949086925,17.432168819,18.266981906,18.908018261
1,70.5,-3.15039004,15.37745304,0.0817062489,13.566122717,13.747242303,14.047005689,14.615549383,15.37745304,16.337024559,16.969254612,17.460922576,18.314155288,18.972728552
1,71.5,-3.182893018,15.379908859,0.0823697413,13.559978867,13.741440993,14.04200114,14.612903602,15.379908859,16.34955145,16.990959933,17.491327946,18.363250846,19.039690941
1,72.5,-3.21170511,15.383532169,0.0830481778,13.554353286,13.736239868,14.037723763,14.611196824,15.383532169,16.363464841,17.01417786,17.523351444,18.414212415,19.108824564
1,73.5,-3.23694834,15.388310046,0.0837410207,13.549249014,13.731639461,14.034170513,14.610420846,15.388310046,16.378745878,17.038882985,17.556959782,18.46698511,19.180050239
1,74.5,-3.25876011,15.39422883,0.0844476998,13.544669635,13.727640719,14.031338512,14.610567186,15.39422883,16.395374929,17.065049527,17.592119816,18.52151524,19.253290437
1,75.5,-3.277281546,15.40127496,0.0851676514,13.540618386,13.724244334,14.029224753,14.611627365,15.40127496,16.413332655,17.092652232,17.628799139,18.577749955,19.328467816
1,76.5,-3.292683774,15.40943252,0.0859001836,13.537100973,13.721452886,14.027827183,14.613592234,15.40943252,16.432596534,17.121663187,17.666963771,18.635638156,19.405510395
1,77.5,-3.305124073,15.418686911,0.0866446671,13.534121468,13.719267752,14.027143187,14.616453067,15.418686911,16.453145875,17.152056291,17.706581286,18.695129036,19.484344311
1,78.5,-3.314768951,15.429022732,0.0874004212,13.531684723,13.717690937,14.027170504,14.620200966,15.429022732,16.474958849,17.18380454,17.747618853,18.756172877,19.564898227
1,79.5,-3.321785992,15.440424387,0.0881667444,13.529795725,13.716724582,14.027906997,14.624827045,15.440424387,16.498013286,17.216880721,17.7900437,18.818720783,19.647102239
1,80.5,-3.326345795,15.452875806,0.088942897,13.528459943,13.716371244,14.029350805,14.63032238,15.452875806,16.522286238,17.251256966,17.833822753,18.882724739,19.730888595
1,81.5,-3.328602731,15.466362178,0.0897282019,13.527681304,13.716632334,14.03149952,14.636678444,15.466362178,16.547756486,17.286907078,17.878924338,18.948137004,19.816187992
1,82.5,-3.328725277,15.480867041,0.0905218748,13.527465647,13.717510776,14.034351593,14.643886387,15.480867041,16.574400287,17.323802541,17.925315202,19.014911065,19.902936
1,83.5,-3.32687018,15.496374654,0.0913231621,13.527817944,13.719008868,14.037905211,14.651937633,15.496374654,16.602194804,17.361915701,17.972962857,19.08300081,19.991067967
1,84.5,-3.323188896,15.512869363,0.0921313054,13.52874305,13.72112886,14.042158595,14.660823717,15.512869363,16.631117196,17.40121891,18.02183493,19.152360731,20.080520424
1,85.5,-3.317827016,15.530335632,0.0929455443,13.530245676,13.723872927,14.047109984,14.67053629,15.530335632,16.661144655,17.441684564,18.071899185,19.22294589,20.171231041
1,86.5,-3.310923871,15.548758065,0.0937651184,13.532330364,13.727243152,14.052757623,14.68106712,15.548758065,16.692254452,17.483285128,18.123123533,19.294711907,20.263138602
1,87.5,-3.302612272,15.568121426,0.0945892702,13.535001468,13.731241504,14.05909975,14.692408091,15.568121426,16.724423964,17.525993169,18.175476054,19.367614933,20.356182971
1,88.5,-3.293018361,15.588410651,0.0954172465,13.538263144,13.73586983,14.066134581,14.704551202,15.588410651,16.757630703,17.56978138,18.228925008,19.441611647,20.450305073
1,89.5,-3.282260813,15.60961101,0.0962483005,13.542119379,13.741129903,14.073860397,14.71748869,15.60961101,16.791852464,17.614622659,18.283438818,19.516658939,20.545446242
1,90.5,-3.270454609,15.63170735,0.0970816941,13.546573748,13.747023092,14.082275078,14.731212383,15.63170735,16.827066717,17.660489848,18.338986255,19.592715391,20.641551322
1,91.5,-3.257703616,15.654685628,0.0979166976,13.551629882,13.753550999,14.091376997,14.74571498,15.654685628,16.863251882,17.707356316,18.395536111,19.669738304,20.738562414
1,92.5,-3.244108214,15.678531387,0.0987525931,13.557290983,13.760714804,14.101164111,14.760988761,15.678531387,16.900386085,17.755195413,18.453057555,19.747686659,20.836425089
1,93.5,-3.229761713,15.703230518,0.0995886749,13.563560058,13.76851558,14.111634402,14.777026222,15.703230518,16.938447804,17.803980772,18.511519978,19.826519632,20.935085251
1,94.5,-3.214751287,15.728769113,0.1004242507,13.570439865,13.776954225,14.122785782,14.793819942,15.728769113,16.977415752,17.853686264,18.57089304,19.906196889,21.034489746
1,95.5,-3.199158184,15.755133465,0.1012586429,13.577932909,13.786031452,14.134616081,14.811362575,15.755133465,17.017268893,17.90428602,18.631146689,19.986678588,21.13458634
1,96.5,-3.18305795,15.782310065,0.1020911894,13.586041435,13.795747785,14.147123047,14.829646845,15.782310065,17.057986451,17.955754442,18.692251173,20.067925378,21.2353237
1,97.5,-3.166520664,15.810285603,0.1029212448,13.594767424,13.806103553,14.16030433,14.848665539,15.810285603,17.099547917,18.008066222,18.754177053,20.149898403,21.336651377
1,98.5,-3.1496103,15.839047084,0.1037481885,13.604112456,13.817098777,14.174157425,14.868411527,15.839047084,17.141933246,18.061196533,18.816895369,20.232559281,21.438519498
1,99.5,-3.132389637,15.868581229,0.1045713862,13.614078441,13.828733753,14.188679993,14.888877644,15.868581229,17.185121912,18.1151201,18.880376895,20.315870259,21.540880323
1,100.5,-3.114911153,15.898875618,0.1053902685,13.624666113,13.841007841,14.203869159,14.910056866,15.898875618,17.229094753,18.169813026,18.944593573,20.399793794,21.643684934
1,101.5,-3.097226399,15.929917651,0.1062042575,13.635876526,13.853920676,14.21972223,14.931942184,15.929917651,17.273832301,18.225251187,19.009517329,20.484293234,21.746886771
1,102.5,-3.079383079,15.961694805,0.1070127883,13.64771054,13.867471738,14.236236422,14.954526592,15.961694805,17.319315191,18.281410552,19.075120191,20.569332163,21.850439867
1,103.5,-3.061423765,15.994194894,0.1078153274,13.660168532,13.881660126,14.253408728,14.977803131,15.994194894,17.365524631,18.338267739,19.141374853,20.654874798,21.954298871
1,104.5,-3.043386071,16.027406071,0.1086113736,13.673250382,13.896484539,14.271235906,15.001764881,16.027406071,17.412442399,18.395799994,19.20825462,20.740885842,22.058418781
1,105.5,-3.025310003,16.061315897,0.1094003876,13.686956839,13.911944391,14.289715157,15.02640489,16.061315897,17.460049252,18.453983546,19.275732052,20.827330585,22.162757423
1,106.5,-3.007225737,16.095912922,0.1101819146,13.701287124,13.928037855,14.308842916,15.051716263,16.095912922,17.508327678,18.512796471,19.343781354,20.914174799,22.267271227
1,107.5,-2.989164598,16.131185315,0.1109554781,13.716241034,13.944763576,14.328615917,15.07769209,16.131185315,17.557259509,18.572216211,19.412376307,21.001384829,22.371918873
1,108.5,-2.971148225,16.167122344,0.1117206908,13.731816758,13.962118903,14.349030099,15.104325557,16.167122344,17.60682848,18.632222229,19.481492476,21.08892746,22.47665729
1,109.5,-2.953208047,16.203711677,0.1124770587,13.748014703,13.98010297,14.370082484,15.131609676,16.203711677,17.657015633,18.692791276,19.551103293,21.176770225,22.581448926
1,110.5,-2.935363951,16.240942388,0.1132241995,13.764833246,13.998713275,14.391769094,15.159537588,16.240942388,17.707804437,18.753902661,19.621184428,21.264881065,22.686253626
1,111.5,-2.917635157,16.278803458,0.1139617339,13.782270842,14.017947378,14.414085981,15.188102404,16.278803458,17.759178251,18.815535648,19.691711629,21.353228504,22.791032645
1,112.5,-2.900039803,16.317283847,0.1146892914,13.800325929,14.037802816,14.437029176,15.217297215,16.317283847,17.811120439,18.877669577,19.762660826,21.441781645,22.895748466
1,113.5,-2.882593796,16.356372672,0.1154065227,13.818996662,14.058276901,14.460594562,15.247115104,16.356372672,17.863614688,18.940284187,19.834008407,21.530510151,23.00036429
1,114.5,-2.865311266,16.396059161,0.1161130971,13.838280984,14.079366766,14.484777906,15.27754914,16.396059161,17.916644925,19.003359543,19.905731151,21.619384256,23.104844159
1,115.5,-2.848204697,16.436332645,0.1168087018,13.85817663,14.101069371,14.509574854,15.308592377,16.436332645,17.970195317,19.066876031,19.977806231,21.708374769,23.209152956
1,116.5,-2.831285052,16.477182556,0.1174930418,13.878681126,14.123381501,14.534980937,15.340237847,16.477182556,18.024250263,19.130814356,20.050211213,21.797453077,23.313256408
1,117.5,-2.81456189,16.518598425,0.1181658396,13.899791796,14.146299772,14.560991568,15.372478564,16.518598425,18.078794399,19.195155544,20.122924059,21.886591146,23.417121085
1,118.5,-2.79804347,16.560569873,0.1188268351,13.921505762,14.169820633,14.587602041,15.405307515,16.560569873,18.133812583,19.259880939,20.195923127,21.975761529,23.520714402
1,119.5,-2.781736856,16.603086612,0.1194757852,13.94381995,14.193940365,14.614807535,15.438717663,16.603086612,18.189289902,19.324972199,20.269187171,22.064937365,23.624004623
1,120.5,-2.765648008,16.646138439,0.1201124636,13.966731092,14.218655083,14.642603114,15.472701945,16.646138439,18.245211664,19.390411298,20.342695338,22.154092383,23.726960857
1,121.5,-2.749782197,16.689715178,0.1207366562,13.990235806,14.243960805,14.670983764,15.507253261,16.689715178,18.301563299,19.456180423,20.416427092,22.243200913,23.829553219
1,122.5,-2.734142443,16.733806953,0.1213481813,14.014330207,14.269853131,14.699944196,15.542364501,16.733806953,18.358330838,19.522262472,20.490362625,22.332237858,23.931752057
1,123.5,-2.718732873,16.778403632,0.121946849,14.039010696,14.296327886,14.729479246,15.578028494,16.778403632,18.415499949,19.588640056,20.564482024,22.42117875,24.033529496
1,124.5,-2.703555506,16.82349538,0.1225325012,14.064273173,14.323380481,14.759583474,15.614238053,16.82349538,18.473056895,19.655296491,20.63876611,22.509999702,24.134857897
1,125.5,-2.688611957,16.869072375,0.1231049908,14.090113438,14.351006234,14.790251368,15.650985952,16.869072375,18.530988051,19.722215306,20.713196016,22.598677436,24.235710627
1,126.5,-2.673903164,16.915124866,0.1236641859,14.116527107,14.379200308,14.821477298,15.68826493,16.915124866,18.589280001,19.789380335,20.787753272,22.687189277,24.336061908
1,127.5,-2.659429443,16.961643168,0.1242099694,14.143509617,14.407957708,14.853255522,15.726067684,16.961643168,18.647919531,19.85677572,20.862419807,22.775513158,24.435886814
1,128.5,-2.645190534,17.00861766,0.1247422387,14.171056231,14.43727329,14.885580184,15.764386877,17.00861766,18.706893635,19.924385908,20.937177951,22.86362762,24.535161274
1,129.5,-2.631185649,17.056038787,0.1252609054,14.199162032,14.467141754,14.91844531,15.80321513,17.056038787,18.766189505,19.992195654,21.01201043,22.951511816,24.633862067
1,130.5,-2.617413511,17.103897052,0.125765895,14.227821931,14.497557648,14.951844817,15.842545024,17.103897052,18.825794538,20.060190019,21.086900371,23.039145509,24.731966828
1,131.5,-2.603872392,17.152183022,0.1262571467,14.257030662,14.528515371,14.985772505,15.882369097,17.152183022,18.885696327,20.128354368,21.161831304,23.126509077,24.829454043
1,132.5,-2.590560148,17.200887318,0.1267346133,14.286782789,14.560009167,15.020222061,15.922679848,17.200887318,18.945882667,20.196674371,21.236787157,23.213583513,24.926303052
1,133.5,-2.577474253,17.250000623,0.1271982604,14.317072705,14.592033134,15.055187056,15.963469729,17.250000623,19.006341548,20.265136002,21.311752258,23.300350425,25.022494046
1,134.5,-2.564611831,17.299513673,0.1276480666,14.347894631,14.62458122,15.090660952,16.004731153,17.299513673,19.067061157,20.333725539,21.386711339,23.38679204,25.118008072
1,135.5,-2.551969684,17.349417258,0.128084023,14.379242621,14.657647224,15.126637095,16.046456484,17.349417258,19.128029874,20.402429562,21.46164953,23.472891203,25.21282703
1,136.5,-2.539539972,17.399703081,0.1285061919,14.411109333,14.691223806,15.163108105,16.088638115,17.399703081,19.189237763,20.471236496,21.536553648,23.558631287,25.306931298
1,137.5,-2.527325681,17.450360715,0.1289144974,14.443490382,14.725306007,15.200068051,16.131268213,17.450360715,19.250671291,20.540131144,21.611407641,23.643996517,25.40030815
1,138.5,-2.515320235,17.501381606,0.1293090012,14.476378606,14.759886606,15.237509582,16.174339049,17.501381606,19.312320288,20.609101892,21.686198596,23.728971547,25.492940659
1,139.5,-2.503519447,17.552756739,0.1296897408,14.509767412,14.794958832,15.275425605,16.217842806,17.552756739,19.374173878,20.678136503,21.760913228,23.813541709,25.584814177
1,140.5,-2.491918934,17.604477144,0.1300567649,14.543650049,14.830515777,15.313808916,16.261771619,17.604477144,19.43622137,20.747223033,21.835538651,23.897692958,25.675914917
1,141.5,-2.480514136,17.656533895,0.1304101325,14.57801961,14.86655039,15.352652202,16.306117576,17.656533895,19.498452255,20.816349832,21.910062372,23.981411874,25.76622996
1,142.5,-2.469300331,17.708918107,0.1307499132,14.612869033,14.903055485,15.391948042,16.350872717,17.708918107,19.560856203,20.885505539,21.984472294,24.064685664,25.855747252
1,143.5,-2.458272656,17.761620938,0.1310761867,14.648191101,14.940023736,15.431688907,16.396029033,17.761620938,19.623423062,20.954679086,22.058756716,24.147502159,25.944455605
1,144.5,-2.447426113,17.814633586,0.1313890423,14.683978443,14.977447683,15.471867162,16.441578466,17.814633586,19.686142859,21.023859692,22.132904327,24.22984982,26.032344701
1,145.5,-2.436755595,17.867947289,0.1316885791,14.72022354,15.01531973,15.512475062,16.487512909,17.867947289,19.749005793,21.093036865,22.206904214,24.311717735,26.119405091
1,146.5,-2.426255887,17.92155332,0.1319749052,14.75691872,15.053632148,15.553504759,16.533824207,17.92155332,19.812002241,21.1622004,22.280745854,24.39309562,26.205628194
1,147.5,-2.415921689,17.975442992,0.1322481377,14.794056164,15.092377074,15.594948298,16.580504153,17.975442992,19.87512275,21.231340378,22.354419119,24.473973823,26.291006302
1,148.5,-2.405747619,18.029607653,0.1325084026,14.831627905,15.131546514,15.636797616,16.627544491,18.029607653,19.93835804,21.300447165,22.427914271,24.554343318,26.375532577
1,149.5,-2.395728233,18.084038684,0.1327558343,14.869625831,15.171132342,15.679044549,16.674936915,18.084038684,20.001699,21.369511412,22.501221965,24.634195716,26.459201057
1,150.5,-2.385858029,18.138727501,0.1329905752,14.908041684,15.211126303,15.721680827,16.722673066,18.138727501,20.065136686,21.438524051,22.574333245,24.713523254,26.542006651
1,151.5,-2.376131459,18.193665552,0.133212776,14.946867065,15.251520013,15.764698077,16.770744536,18.193665552,20.128662323,21.507476296,22.647239548,24.792318805,26.623945145
1,152.5,-2.366542942,18.248844314,0.1334225948,14.986093432,15.292304961,15.808087821,16.819142864,18.248844314,20.1922673,21.576359641,22.719932699,24.870575873,26.705013199
1,153.5,-2.357086871,18.304255296,0.1336201973,15.025712104,15.333472509,15.851841481,16.867859538,18.304255296,20.25594317,21.645165861,22.792404912,24.948288599,26.785208353
1,154.5,-2.347757625,18.359890034,0.1338057563,15.065714261,15.375013894,15.895950376,16.916885994,18.359890034,20.319681648,21.713887007,22.864648792,25.025451754,26.864529023
1,155.5,-2.338549576,18.415740092,0.1339794518,15.106090947,15.416920229,15.940405724,16.966213614,18.415740092,20.383474611,21.782515408,22.93665733,25.10206075,26.942974505
1,156.5,-2.3294571,18.471797059,0.1341414703,15.146833068,15.459182504,15.98519864,17.015833728,18.471797059,20.447314091,21.851043669,23.008423904,25.17811163,27.020544975
1,157.5,-2.320474586,18.528052549,0.1342920051,15.1879314,15.501791587,16.030320143,17.065737613,18.528052549,20.511192282,21.919464668,23.079942282,25.253601077,27.097241493
1,158.5,-2.311596446,18.584498199,0.1344312555,15.229376584,15.544738227,16.075761148,17.115916491,18.584498199,20.57510153,21.987771559,23.151206617,25.328526412,27.173065998
1,159.5,-2.302817124,18.641125665,0.134559427,15.271159134,15.588013052,16.121512475,17.166361531,18.641125665,20.639034337,22.055957764,23.222211447,25.402885595,27.248021316
1,160.5,-2.294131107,18.697926627,0.1346767311,15.313269432,15.631606575,16.167564844,17.217063844,18.697926627,20.702983356,22.12401698,23.292951697,25.476677223,27.322111154
1,161.5,-2.285532933,18.754892781,0.1347833849,15.355697735,15.67550919,16.213908876,17.268014489,18.754892781,20.766941389,22.191943172,23.363422678,25.549900538,27.39534011
1,162.5,-2.277017201,18.812015839,0.1348796107,15.398434176,15.719711177,16.260535098,17.319204466,18.812015839,20.83090139,22.259730572,23.433620084,25.62255542,27.467713664
1,163.5,-2.268578584,18.869287528,0.1349656365,15.441468765,15.764202704,16.307433937,17.370624722,18.869287528,20.894856455,22.327373681,23.503539993,25.694642395,27.539238188
1,164.5,-2.260211837,18.92669959,0.1350416951,15.484791389,15.808973823,16.354595727,17.422266142,18.92669959,20.958799828,22.394867265,23.57317887,25.766162632,27.609920941
1,165.5,-2.251911809,18.984243775,0.1351080243,15.52839182,15.854014479,16.402010707,17.474119556,18.984243775,21.022724893,22.462206356,23.64253356,25.837117943,27.679770074
1,166.5,-2.243673453,19.041911845,0.1351648666,15.572259709,15.899314507,16.449669019,17.526175734,19.041911845,21.086625176,22.529386247,23.711601294,25.90751079,27.748794627
1,167.5,-2.235491842,19.099695568,0.1352124688,15.616384596,15.944863634,16.497560713,17.578425385,19.099695568,21.15049434,22.596402495,23.780379685,25.977344281,27.817004534
1,168.5,-2.227362173,19.157586716,0.1352510825,15.660755908,15.990651482,16.545675744,17.63085916,19.157586716,21.214326186,22.663250919,23.848866729,26.046622172,27.884410623
1,169.5,-2.21927979,19.215577065,0.1352809633,15.70536296,16.036667567,16.594003977,17.683467644,19.215577065,21.278114648,22.729927595,23.917060806,26.115348872,27.951024616
1,170.5,-2.211240187,19.27365839,0.1353023707,15.750194963,16.082901303,16.642535182,17.736241363,19.27365839,21.341853792,22.79642886,23.984960677,26.183529439,28.016859129
1,171.5,-2.203239029,19.331822466,0.1353155684,15.795241019,16.129342004,16.691259039,17.789170776,19.331822466,21.405537813,22.862751308,24.052565486,26.251169587,28.081927677
1,172.5,-2.195272161,19.390061061,0.1353208237,15.840490131,16.175978884,16.740165136,17.84224628,19.390061061,21.469161036,22.928891788,24.119874762,26.318275685,28.14624467
1,173.5,-2.187335625,19.448365938,0.1353184074,15.885931199,16.222801059,16.789242971,17.895458202,19.448365938,21.532717907,22.994847407,24.186888413,26.384854755,28.209825418
1,174.5,-2.179425674,19.506728848,0.1353085942,15.931553027,16.26979755,16.838481952,17.948796804,19.506728848,21.596202999,23.060615524,24.253606735,26.450914482,28.27268613
1,175.5,-2.171538789,19.565141532,0.1352916617,15.977344323,16.316957284,16.887871397,18.002252276,19.565141532,21.659611004,23.126193753,24.320030402,26.516463208,28.334843913
1,176.5,-2.163671689,19.623595714,0.1352678911,16.023293705,16.364269095,16.937400535,18.055814739,19.623595714,21.722936731,23.191579959,24.386160475,26.581509939,28.396316776
1,177.5,-2.155821357,19.682083101,0.1352375667,16.069389698,16.411721727,16.987058507,18.109474241,19.682083101,21.786175107,23.256772259,24.451998399,26.646064342,28.457123629
1,178.5,-2.147985046,19.740595376,0.1352009759,16.115620744,16.459303836,17.036834365,18.163220756,19.740595376,21.849321171,23.321769021,24.517546003,26.71013675,28.517284284
1,179.5,-2.140160305,19.799124201,0.1351584088,16.161975197,16.507003989,17.086717072,18.217044182,19.799124201,21.912370075,23.386568863,24.582805501,26.773738166,28.576819455
1,180.5,-2.132344989,19.857661209,0.1351101588,16.208441335,16.55481067,17.136695505,18.270934339,19.857661209,21.975317079,23.451170652,24.647779492,26.83688026,28.635750759
1,181.5,-2.124537282,19.916198004,0.1350565219,16.255007353,16.60271228,17.186758453,18.324880969,19.916198004,22.038157551,23.515573503,24.712470965,26.899575372,28.694100716
1,182.5,-2.116735712,19.974726154,0.1349977968,16.301661372,16.650697137,17.236894617,18.378873731,19.974726154,22.100886964,23.579776782,24.776883292,26.961836518,28.751892748
1,183.5,-2.108939167,20.033237194,0.134934285,16.348391441,16.698753478,17.287092613,18.432902201,20.033237194,22.163500892,23.6437801,24.841020237,27.023677386,28.809151183
1,184.5,-2.10114692,20.091722615,0.1348662908,16.395185538,16.746869466,17.337340967,18.486955869,20.091722615,22.225995012,23.707583317,24.904885952,27.085112342,28.86590125
1,185.5,-2.093358637,20.15017387,0.1347941208,16.442031574,16.795033183,17.387628119,18.541024138,20.15017387,22.288365099,23.771186541,24.96848498,27.146156433,28.922169082
1,186.5,-2.085574403,20.208582361,0.1347180845,16.488917395,16.843232639,17.437942424,18.595096322,20.208582361,22.350607027,23.834590127,25.031822258,27.206825382,28.977981716
1,187.5,-2.077794735,20.266939444,0.1346384938,16.535830787,16.891455767,17.488272148,18.649161641,20.266939444,22.412716764,23.897794676,25.094903112,27.267135598,29.033367089
1,188.5,-2.070020599,20.325236424,0.1345556632,16.582759472,16.939690432,17.538605469,18.703209223,20.325236424,22.474690373,23.960801041,25.157733267,27.327104173,29.088354044
1,189.5,-2.062253431,20.383464548,0.1344699098,16.62969112,16.987924425,17.588930479,18.757228099,20.383464548,22.53652401,24.023610321,25.220318842,27.386748884,29.142972321
1,190.5,-2.054495145,20.441615008,0.1343815533,16.67661334,17.036145468,17.639235182,18.811207202,20.441615008,22.598213923,24.086223863,25.282666355,27.446088197,29.197252563
1,191.5,-2.046748156,20.499678935,0.1342909159,16.723513693,17.084341215,17.689507494,18.865135365,20.499678935,22.659756452,24.148643267,25.344782724,27.505141264,29.251226312
1,192.5,-2.039015385,20.557647399,0.1341983225,16.770379686,17.132499251,17.73973524,18.919001316,20.557647399,22.721148026,24.21087038,25.406675267,27.563927929,29.304926008
1,193.5,-2.031300282,20.615511404,0.1341041006,16.817198778,17.180607093,17.789906158,18.972793682,20.615511404,22.782385166,24.272907303,25.468351706,27.622468728,29.358384987
1,194.5,-2.023606828,20.673261889,0.1340085806,16.863958377,17.228652193,17.840007896,19.026500982,20.673261889,22.843464482,24.334756391,25.529820168,27.680784887,29.411637482
1,195.5,-2.015942013,20.730889051,0.1339120657,16.910646682,17.276622589,17.890028371,19.080111485,20.730889051,22.904381668,24.396419305,25.591088482,27.738898541,29.464720074
1,196.5,-2.008305745,20.788385102,0.1338149542,16.957249256,17.324504231,17.939954292,19.133613789,20.788385102,22.965135628,24.457900896,25.652167072,27.796831854,29.517665722
1,197.5,-2.000706389,20.845740029,0.1337175518,17.003754296,17.372285093,17.989773433,19.186995929,20.845740029,23.025722128,24.519203235,25.713064507,27.854608369,29.570512949
1,198.5,-1.993150137,20.902944494,0.1336202002,17.050149023,17.41995236,18.039473074,19.240245984,20.902944494,23.086138147,24.580329706,25.773790554,27.912252088,29.623299547
1,199.5,-1.985643741,20.959989088,0.1335232441,17.096420616,17.46749315,18.089040401,19.293351918,20.959989088,23.146380755,24.641283953,25.834355394,27.969787706,29.676064193
1,200.5,-1.97819451,21.01686433,0.1334270316,17.142556204,17.514894512,18.138462504,19.346301583,21.01686433,23.206447122,24.702069886,25.894769625,28.027240611,29.728846443
1,201.5,-1.970810308,21.073560674,0.1333319137,17.188542869,17.562143423,18.187726378,19.399082715,21.073560674,23.266334514,24.76269168,25.955044263,28.084636885,29.781686736
1,202.5,-1.96349954,21.130068501,0.1332382449,17.234367642,17.609226793,18.236818921,19.451682936,21.130068501,23.326040301,24.823153782,26.015190744,28.1420033,29.834626382
1,203.5,-1.956271141,21.186378131,0.1331463832,17.280017501,17.656131455,18.28572693,19.504089753,21.186378131,23.385561957,24.883460908,26.075220925,28.199367319,29.887707567
1,204.5,-1.949134561,21.242479819,0.1330566901,17.325479371,17.702844168,18.334437103,19.556290562,21.242479819,23.444897063,24.943618051,26.135147086,28.256757094,29.940973346
1,205.5,-1.942099744,21.298363759,0.1329695305,17.370740117,17.749351612,18.382936039,19.608272642,21.298363759,23.504043317,25.003630482,26.194981933,28.314201462,29.994467636
1,206.5,-1.935177101,21.354020094,0.1328852735,17.415786538,17.795640388,18.431210231,19.660023163,21.354020094,23.562998531,25.063503754,26.254738597,28.371729945,30.048235218
1,207.5,-1.92837748,21.409438911,0.1328042916,17.46060537,17.841697008,18.47924607,19.711529188,21.409438911,23.621760642,25.123243703,26.314430634,28.429372744,30.102321732
1,208.5,-1.921712136,21.464610257,0.1327269615,17.505183272,17.8875079,18.527029841,19.762777669,21.464610257,23.680327713,25.182856454,26.37407203,28.487160738,30.156773669
1,209.5,-1.915192685,21.519524136,0.1326536641,17.549506825,17.933059395,18.574547721,19.813755456,21.519524136,23.738697944,25.242348423,26.433677198,28.545125479,30.211638371
1,210.5,-1.908831065,21.574170525,0.1325847841,17.593562522,17.978337728,18.62178578,19.864449301,21.574170525,23.796869674,25.301726323,26.49326098,28.60329919,30.266964025
1,211.5,-1.902639482,21.628539373,0.1325207109,17.637336764,18.023329032,18.668729979,19.914845857,21.628539373,23.854841392,25.360997164,26.552838649,28.661714756,30.322799658
1,212.5,-1.896630358,21.682620618,0.1324618378,17.680815846,18.068019329,18.715366166,19.964931686,21.682620618,23.912611742,25.42016826,26.612425903,28.720405723,30.379195135
1,213.5,-1.890816268,21.736404191,0.1324085629,17.723985953,18.112394528,18.761680078,20.014693265,21.736404191,23.97017953,25.479247229,26.672038872,28.779406289,30.436201152
1,214.5,-1.885209876,21.789880029,0.1323612888,17.766833147,18.156440415,18.807657336,20.064116992,21.789880029,24.027543736,25.538242002,26.731694113,28.838751302,30.493869233
1,215.5,-1.879823505,21.843038191,0.1323204265,17.809343234,18.200142556,18.853283398,20.113189213,21.843038191,24.084703667,25.597160953,26.791408705,28.898476211,30.552251518
1,216.5,-1.874670324,21.895868501,0.1322863818,17.851502186,18.243486617,18.898543729,20.161896146,21.895868501,24.141658453,25.656012444,26.851199913,28.958617197,30.611401484
1,217.5,-1.869760299,21.948361684,0.1322595999,17.893294718,18.286457268,18.943423209,20.210224137,21.948361684,24.198408662,25.714806292,26.911086259,29.019210796,30.671371759
1,218.5,-1.865113245,22.00050569,0.1322404176,17.934708987,18.329041829,18.98790813,20.258158849,22.00050569,24.254950982,25.773548883,26.971083943,29.080295026,30.732221216
1,219.5,-1.860734944,22.052292423,0.1322293301,17.975728091,18.371223685,19.031982616,20.305686799,22.052292423,24.311287915,25.832252068,27.031213333,29.141907344,30.794002112
1,220.5,-1.85663384,22.103713048,0.132226801,18.01633608,18.412986957,19.07563119,20.352794329,22.103713048,24.367420965,25.890926872,27.091494342,29.204085991,30.856769055
1,221.5,-1.852827186,22.154756029,0.1322332005,18.056519892,18.454317938,19.118839426,20.399466948,22.154756029,24.42334799,25.949581158,27.151944818,29.266870788,30.920582776
1,222.5,-1.849323204,22.205412485,0.1322489931,18.09626344,18.495200616,19.161591719,20.445690891,22.205412485,24.479070625,26.008226305,27.212585282,29.330301268,30.985499998
1,223.5,-1.846131607,22.255673,0.1322746254,18.135551117,18.535619323,19.203872602,20.491452188,22.255673,24.534589849,26.066873207,27.273436078,29.394417774,31.051579489
1,224.5,-1.843261294,22.305528306,0.132310549,18.174367057,18.575558186,19.245666485,20.536736874,22.305528306,24.589906919,26.125533104,27.334517958,29.459261215,31.118880803
1,225.5,-1.840720248,22.354969299,0.1323572208,18.212695116,18.615001112,19.286957644,20.581531003,22.354969299,24.645023377,26.184217589,27.395852082,29.524873058,31.187464273
1,226.5,-1.83851544,22.403987057,0.132415103,18.250518862,18.653931783,19.327730231,20.625820657,22.403987057,24.699941066,26.242938608,27.457460009,29.591295323,31.257391016
1,227.5,-1.83665586,22.452571818,0.132484631,18.287822536,18.692334366,19.367968582,20.669591593,22.452571818,24.754660754,26.301707228,27.519362828,29.658570912,31.328724775
1,228.5,-1.835138046,22.500717781,0.1325663592,18.3245866,18.730190245,19.407655808,20.712830948,22.500717781,24.809188521,26.360539323,27.581585159,29.726742037,31.401523441
1,229.5,-1.833972004,22.548414372,0.132660699,18.360795645,18.767483802,19.446776244,20.755524086,22.548414372,24.863524151,26.419445233,27.644147851,29.79585303,31.475854413
1,230.5,-1.833157751,22.595654215,0.1327681527,18.396431373,18.804197322,19.485313359,20.797657557,22.595654215,24.917671662,26.478439122,27.707074586,29.865947819,31.55178078
1,231.5,-1.83269562,22.642429557,0.1328892105,18.431475639,18.840313184,19.523250621,20.839217729,22.642429557,24.971634592,26.537534783,27.770388909,29.93707103,31.629367479
1,232.5,-1.832584342,22.688732921,0.1330243684,18.465909907,18.875813476,19.560571356,20.88019106,22.688732921,25.025416852,26.596746393,27.834114754,30.009267783,31.708680201
1,233.5,-1.832820974,22.734557126,0.1331741285,18.499715238,18.910679987,19.597258745,20.920564098,22.734557126,25.079022735,26.656088513,27.898276446,30.082583688,31.789785392
1,234.5,-1.833400825,22.779895295,0.1333389994,18.532872277,18.944894195,19.633295823,20.960323489,22.779895295,25.132456931,26.715576094,27.962898694,30.157064835,31.872750249
1,235.5,-1.834317405,22.824740868,0.1335194959,18.565361241,18.978437264,19.668665474,20.999455987,22.824740868,25.185724534,26.775224484,28.028006597,30.232757788,31.957642718
1,236.5,-1.83555752,22.869089116,0.1337161923,18.597160159,19.011288695,19.703349738,21.037948851,22.869089116,25.238833149,26.835051321,28.093626974,30.309709009,32.044528529
1,237.5,-1.837119466,22.912931508,0.1339295249,18.628251422,19.043431335,19.7373324,21.075788351,22.912931508,25.291785022,26.895069442,28.159783363,30.387967,32.13348232
1,238.5,-1.838987063,22.956263733,0.1341600729,18.658612451,19.074844245,19.770595302,21.112961907,22.956263733,25.34458825,26.955296972,28.226503126,30.467579243,32.224571824
1,239.5,-1.841146139,22.999080616,0.1344083809,18.688221612,19.105507218,19.803120682,21.149456727,22.999080616,25.397249669,27.015750924,28.293812944,30.548594139,32.317867911
1,240,-1.84233016,23.020294238,0.134539365,18.702737405,19.120551107,19.819101225,21.167445634,23.020294238,25.423529396,27.046068183,28.327697528,30.589642847,32.36536586
1,240.5,-1.843580575,23.041377338,0.1346750014,18.717056794,19.13539969,19.834890606,21.185260137,23.041377338,25.449776571,27.076448741,28.361739896,30.631060541,32.413442178
2,24,-0.98660853,16.423396643,0.085451785,14.147346696,14.397870893,14.801340537,15.528075872,16.423396643,17.427456589,18.018205792,18.441393172,19.10623522,19.564109584
2,24.5,-1.024496827,16.388040561,0.085025838,14.132262709,14.380186596,14.77964811,15.49975639,16.388040561,17.38581552,17.973714126,18.395263724,19.058238445,19.515343333
2,25.5,-1.102698353,16.318971901,0.0842140522,14.102408138,14.345272624,14.736946277,15.444219009,16.318971901,17.304848111,17.887488124,18.306107823,18.965949897,19.421979887
2,26.5,-1.18396635,16.252079845,0.083455124,14.072973937,14.310968062,14.695158096,15.390148458,16.252079845,17.226931896,17.804890513,18.22103253,18.878533884,19.334103823
2,27.5,-1.268071036,16.187346686,0.0827482842,14.043963369,14.277276856,14.65428696,15.337542177,16.187346686,17.152024977,17.725863959,18.139970156,18.795909992,19.251630386
2,28.5,-1.354751525,16.124754481,0.0820927371,14.015380079,14.244203026,14.614336009,15.28639717,16.124754481,17.080085563,17.650351371,18.062853342,18.717998385,19.17447582
2,29.5,-1.443689692,16.064287623,0.0814877172,13.987225686,14.211749089,14.57530775,15.236711339,16.064287623,17.011074569,17.578297744,17.98961595,18.644718454,19.102553916
2,30.5,-1.53454192,16.005930007,0.0809324482,13.959502456,14.179917754,14.537204368,15.188481892,16.005930007,16.944952957,17.509648394,17.920192311,18.575990295,19.035779479
2,31.5,-1.626928093,15.94966631,0.0804261754,13.932212067,14.148711114,14.500027518,15.141705982,15.94966631,16.881683082,17.44434994,17.854517726,18.511734023,18.974066505
2,32.5,-1.720434829,15.895481969,0.0799681758,13.905355619,14.118130621,14.463778266,15.09638064,15.895481969,16.821228771,17.38235043,17.79252859,18.451869784,18.917328006
2,33.5,-1.814635262,15.843361791,0.0795577348,13.878934916,14.088177926,14.428457281,15.052502026,15.843361791,16.763553999,17.323598458,17.734162013,18.396318479,18.865477706
2,34.5,-1.909076262,15.793291456,0.0791941867,13.852951,14.058853902,14.394064562,15.01006617,15.793291456,16.708624489,17.268044363,17.679356461,18.345000987,18.818427839
2,35.5,-2.003296102,15.7452564,0.0788768946,13.827405171,14.030159316,14.360599593,14.969068383,15.7452564,16.656406634,17.215639512,17.62805146,18.29783876,18.776090501
2,36.5,-2.096828937,15.699241878,0.0786052551,13.80229888,14.002094761,14.328061331,14.929503293,15.699241878,16.606867606,17.166336426,17.580187701,18.254753806,18.738377432
2,37.5,-2.189211877,15.655232823,0.0783786964,13.777633819,13.974660728,14.296448228,14.891364776,15.655232823,16.559975226,17.120088721,17.535707053,18.215668786,18.705200107
2,38.5,-2.279991982,15.613213709,0.0781966743,13.753412006,13.947857672,14.26575827,14.854645913,15.613213709,16.515697825,17.076851036,17.494552559,18.180507113,18.67646985
2,39.5,-2.368732949,15.573168427,0.078058667,13.729635856,13.921686084,14.235989016,14.819338961,15.573168427,16.474004103,17.036578944,17.456668415,18.149193044,18.65209796
2,40.5,-2.455021314,15.53508019,0.077964169,13.706308243,13.89614655,14.207137655,14.785435347,15.53508019,16.43486298,16.99922885,17.421999927,18.121651762,18.631995848
2,41.5,-2.538471972,15.498931449,0.0779126837,13.683432543,13.871239805,14.179201053,14.752925677,15.498931449,16.398243466,16.964757881,17.390493465,18.097809453,18.616075182
2,42.5,-2.618732901,15.464703844,0.0779037156,13.661012663,13.846966782,14.152175814,14.721799767,15.464703844,16.364114526,16.933123775,17.362096391,18.077593361,18.604248022
2,43.5,-2.695488973,15.432378168,0.0779367628,13.639053056,13.823328646,14.126058333,14.692046682,15.432378168,16.33244497,16.904284765,17.336756988,18.06093184,18.596426962
2,44.5,-2.768464816,15.401934364,0.078011309,13.61755872,13.800326818,14.100844852,14.663654798,15.401934364,16.303203361,16.878199474,17.314424377,18.047754376,18.592525257
2,45.5,-2.837426693,15.373351541,0.0781268172,13.596535179,13.777962994,14.076531506,14.636611864,15.373351541,16.276357932,16.85482681,17.295048432,18.037991607,18.592456941
2,46.5,-2.902178205,15.346608415,0.0782827393,13.575988043,13.756238848,14.053114249,14.610905234,15.346608415,16.251877027,16.834126282,17.278579949,18.03157513,18.596136244
2,47.5,-2.962580386,15.321681814,0.0784784485,13.555924551,13.735157169,14.030589356,14.586521343,15.321681814,16.229727186,16.816056377,17.264969598,18.028438215,18.603480298
2,48.5,-3.018521987,15.298548972,0.0787133246,13.536351244,13.714720207,14.008952792,14.563446653,15.298548972,16.209875826,16.800576707,17.25416922,18.028514727,18.614405449
2,49.5,-3.069936555,15.277186179,0.0789866938,13.517275373,13.694930704,13.988200661,14.541667175,15.277186179,16.192289515,16.787646543,17.24613088,18.031739765,18.628829714
2,50.5,-3.116795864,15.257569204,0.0792978405,13.498704486,13.675791616,13.968329123,14.521168674,15.257569204,16.176934406,16.777225115,17.240807008,18.038049459,18.646672252
2,51.5,-3.159107331,15.239673384,0.079646006,13.480646369,13.657306081,13.949334411,14.501936743,15.239673384,16.163776261,16.769271588,17.238150343,18.047380913,18.667853383
2,52.5,-3.196911083,15.22347371,0.0800303887,13.463108985,13.639477387,13.931212834,14.48395686,15.22347371,16.152780494,16.763745045,17.238113886,18.059672159,18.692294602
2,53.5,-3.230276759,15.208944907,0.0804501449,13.446100408,13.622308935,13.913960785,14.467214453,15.208944907,16.143912214,16.760604487,17.240650859,18.074862097,18.719918588
2,54.5,-3.259300182,15.19606152,0.0809043905,13.429628773,13.605804206,13.897574735,14.451694946,15.19606152,16.137136281,16.759808835,17.245714673,18.092890445,18.75064919
2,55.5,-3.284099963,15.184797987,0.0813922027,13.413702215,13.589966725,13.882051234,14.437383801,15.184797987,16.132417356,16.761316945,17.25325891,18.11369768,18.784411416
2,56.5,-3.30481415,15.175128708,0.0819126232,13.39832882,13.574800023,13.867386898,14.424266556,15.175128708,16.129719963,16.765087627,17.263237299,18.137224989,18.821131412
2,57.5,-3.321596954,15.167028107,0.0824646608,13.383516577,13.560307612,13.853578403,14.412328855,15.167028107,16.129008536,16.771079664,17.275603717,18.163414224,18.86073644
2,58.5,-3.334615646,15.160470684,0.0830472946,13.36927334,13.546492949,13.840622473,14.40155647,15.160470684,16.130247479,16.779251844,17.290312174,18.192207855,18.903154848
2,59.5,-3.344047622,15.155431067,0.0836594775,13.355606788,13.53335941,13.828515869,14.391935319,15.155431067,16.133401214,16.789562983,17.307316823,18.223548932,18.948316041
2,60.5,-3.35007771,15.15188405,0.0843001394,13.342524394,13.520910267,13.817255378,14.383451481,15.15188405,16.138434225,16.801971953,17.326571961,18.257381051,18.996150455
2,61.5,-3.352893805,15.149804788,0.0849681996,13.330033218,13.509148527,13.806837729,14.376091247,15.149804788,16.145311331,16.816437922,17.348032183,18.293648259,19.04658918
2,62.5,-3.352691376,15.14916825,0.085662539,13.318140526,13.498077398,13.797259824,14.369840963,15.14916825,16.15399692,16.832919646,17.371651874,18.332295253,19.099565142
2,63.5,-3.34966438,15.149949835,0.086382035,13.306853097,13.487699767,13.788518477,14.364687203,15.149949835,16.164455811,16.85137625,17.397385753,18.373267126,19.15501183
2,64.5,-3.343998803,15.152125852,0.0871255909,13.296176731,13.47801782,13.78061022,14.360616901,15.152125852,16.176653938,16.871767854,17.425189324,18.41650918,19.212862288
2,65.5,-3.335889574,15.155671862,0.0878920466,13.286118046,13.469034401,13.773531971,14.357616867,15.155671862,16.190556027,16.894053448,17.455017345,18.461967542,19.273052614
2,66.5,-3.325522491,15.160564192,0.0886802643,13.276682823,13.460751754,13.76728041,14.355674218,15.160564192,16.206127738,16.918192851,17.486825227,18.509588576,19.335518754
2,67.5,-3.31307846,15.166779473,0.0894891056,13.267876512,13.453171909,13.76185216,14.354776232,15.166779473,16.223335021,16.94414613,17.520568625,18.559319065,19.400197469
2,68.5,-3.298732648,15.174294641,0.090317434,13.259704231,13.44629667,13.757243777,14.354910348,15.174294641,16.242144139,16.971873618,17.556203454,18.611106202,19.46702632
2,69.5,-3.282653831,15.183086936,0.0911641168,13.252170761,13.440127612,13.753451746,14.356064151,15.183086936,16.262521673,17.001335934,17.593685902,18.664897596,19.535943651
2,70.5,-3.265003896,15.193133896,0.0920280276,13.245280553,13.434666084,13.750472476,14.358225367,15.193133896,16.284434531,17.032493991,17.632972441,18.72064127,19.606888588
2,71.5,-3.245937506,15.204413348,0.0929080476,13.239037732,13.429913207,13.748302292,14.361381855,15.204413348,16.307849949,17.065309004,17.674019838,18.778285671,19.679801033
2,72.5,-3.225606516,15.216902957,0.0938030328,13.233446775,13.425870418,13.746937764,14.365521553,15.216902957,16.33273474,17.099741723,17.716784498,18.837779538,19.754622335
2,73.5,-3.204146115,15.230581504,0.0947119161,13.228510536,13.422537877,13.746374729,14.370632576,15.230581504,16.35905747,17.135754682,17.761224399,18.899072288,19.83129333
2,74.5,-3.181690237,15.245427448,0.0956335947,13.22423251,13.419916293,13.746609412,14.37670312,15.245427448,16.386786021,17.173309679,17.807296917,18.962113544,19.90975644
2,75.5,-3.158363475,15.261419664,0.096566992,13.220615639,13.41800595,13.747637818,14.383721483,15.261419664,16.415888868,17.212369113,17.854959996,19.026853412,19.989954599
2,76.5,-3.134282833,15.278537278,0.0975110459,13.217662564,13.416806916,13.749455857,14.391676059,15.278537278,16.446334816,17.252895716,17.904171912,19.093242432,20.071831456
2,77.5,-3.109557879,15.296759667,0.0984647101,13.215375632,13.416319045,13.752059342,14.400555326,15.296759667,16.478093,17.294852556,17.954891282,19.161231581,20.155331371
2,78.5,-3.084290931,15.316066442,0.0994269552,13.2137569,13.416541975,13.755443986,14.410347841,15.316066442,16.51113288,17.338203042,18.007077074,19.230772276,20.240399405
2,79.5,-3.058577292,15.336437447,0.1003967693,13.212808146,13.417475136,13.759605404,14.421042231,15.336437447,16.545424242,17.382910923,18.06068861,19.301816386,20.32698132
2,80.5,-3.032505499,15.357852744,0.1013731591,13.21253087,13.419117751,13.764539106,14.432627193,15.357852744,16.580937187,17.428940294,18.115685573,19.374316236,20.41502357
2,81.5,-3.0061576,15.380292613,0.1023551503,13.212926303,13.421468839,13.770240504,14.445091478,15.380292613,16.617642137,17.476255597,18.172028013,19.448224611,20.504473299
2,82.5,-2.979609448,15.403737535,0.1033417884,13.21399541,13.424527221,13.776704905,14.458423895,15.403737535,16.655509821,17.524821619,18.22967635,19.523494768,20.59527834
2,83.5,-2.952930993,15.428168191,0.1043321392,13.215738902,13.428291519,13.783927513,14.4726133,15.428168191,16.69451128,17.574603494,18.288591379,19.600080436,20.687387209
2,84.5,-2.926186592,15.453565452,0.1053252892,13.218157234,13.432760162,13.79190343,14.487648591,15.453565452,16.734617854,17.625566704,18.348734276,19.677935827,20.780749104
2,85.5,-2.899435307,15.479910374,0.1063203463,13.221250616,13.43793139,13.800627653,14.503518707,15.479910374,16.775801186,17.67767708,18.410066599,19.757015637,20.875313902
2,86.5,-2.872731211,15.507184187,0.1073164399,13.225019018,13.443803253,13.810095076,14.520212619,15.507184187,16.818033212,17.730900798,18.472550289,19.837275057,20.971032159
2,87.5,-2.846123683,15.535368293,0.1083127212,13.229462172,13.450373621,13.820300489,14.537719329,15.535368293,16.861286158,17.785204382,18.53614768,19.918669774,21.067855109
2,88.5,-2.819657704,15.564444257,0.1093083637,13.234579579,13.45764018,13.83123858,14.556027866,15.564444257,16.905532539,17.840554704,18.600821494,20.001155979,21.16573466
2,89.5,-2.793374145,15.594393802,0.1103025629,13.240370519,13.46560044,13.842903932,14.575127278,15.594393802,16.950745147,17.896918975,18.666534846,20.08469037,21.2646234
2,90.5,-2.767310047,15.625198798,0.111294537,13.246834051,13.47425174,13.855291029,14.595006635,15.625198798,16.996897049,17.95426475,18.733251243,20.169230159,21.364474598
2,91.5,-2.741498897,15.656841259,0.1122835261,13.253969024,13.483591251,13.868394255,14.615655019,15.656841259,17.04396158,18.01255992,18.800934582,20.254733074,21.46524221
2,92.5,-2.715970894,15.689303334,0.113268793,13.261774085,13.493615981,13.882207895,14.637061525,15.689303334,17.091912333,18.071772705,18.869549152,20.341157368,21.56688088
2,93.5,-2.690753197,15.722567299,0.1142496222,13.270247686,13.504322782,13.896726137,14.659215255,15.722567299,17.140723155,18.131871655,18.93905963,20.428461818,21.669345954
2,94.5,-2.665870146,15.756615553,0.1152253207,13.279388083,13.515708349,13.911943075,14.682105318,15.756615553,17.190368141,18.192825645,19.00943108,20.516605734,21.77259347
2,95.5,-2.641343436,15.791430622,0.1161952181,13.289193339,13.527769222,13.927852702,14.705720826,15.791430622,17.240821639,18.254603884,19.080628967,20.605548956,21.87658015
2,96.5,-2.617192204,15.826995169,0.1171586674,13.2996613,13.540501762,13.9444489,14.730050895,15.826995169,17.292058281,18.317175943,19.152619179,20.695251857,21.981263357
2,97.5,-2.593430614,15.863292407,0.1181150731,13.310789044,13.553901719,13.96172519,14.755084709,15.863292407,17.344053641,18.380512412,19.225368543,20.785675251,22.086600078
2,98.5,-2.570076037,15.900304841,0.1190638073,13.322574558,13.567965559,13.979675493,14.780811321,15.900304841,17.396782223,18.444582911,19.298843262,20.876780679,22.192549986
2,99.5,-2.547141473,15.938015446,0.1200042898,13.335015119,13.582689175,13.998293384,14.807219814,15.938015446,17.450219363,18.509357979,19.373010404,20.968530139,22.29907253
2,100.5,-2.524635245,15.976407871,0.1209359936,13.348107261,13.598067882,14.017572122,14.83429943,15.976407871,17.504341492,18.574809309,19.447838088,21.060886065,22.406126596
2,101.5,-2.502569666,16.015464834,0.1218583548,13.361848425,13.614097684,14.037505301,14.86203913,16.015464834,17.55912371,18.640907397,19.523293637,21.153811648,22.513674066
2,102.5,-2.48095189,16.055169844,0.1227708703,13.376235158,13.630773884,14.058086134,14.890428045,16.055169844,17.614542394,18.70762408,19.599345573,21.247270492,22.621675973
2,103.5,-2.459785573,16.09550688,0.1236730846,13.391263286,13.648091204,14.079307468,14.919455334,16.09550688,17.670574776,18.774932139,19.675963312,21.341226663,22.730093079
2,104.5,-2.439080117,16.136458809,0.1245644841,13.406930074,13.666045501,14.101162802,14.949109957,16.136458809,17.727196375,18.842802758,19.75311515,21.435645054,22.838889796
2,105.5,-2.418838304,16.178009551,0.125444639,13.423231342,13.684631476,14.123644944,14.979381008,16.178009551,17.784384485,18.911208974,19.830770998,21.530490897,22.94802887
2,106.5,-2.399063683,16.220142813,0.1263131206,13.440163147,13.703844013,14.146746795,15.010257517,16.220142813,17.842116135,18.980123661,19.908900787,21.625730052,23.057474482
2,107.5,-2.379756861,16.262842771,0.1271695453,13.457720878,13.723677453,14.170460924,15.041728556,16.262842771,17.900369199,19.049520628,19.987475333,21.721328849,23.167190567
2,108.5,-2.360920527,16.306093162,0.1280135154,13.475900463,13.744126561,14.194780131,15.073783099,16.306093162,17.959120924,19.119373164,20.066465192,21.817254297,23.277143044
2,109.5,-2.342557728,16.349877586,0.1288446388,13.494697965,13.765186202,14.21969726,15.10641007,16.349877586,18.018348425,19.189654528,20.145841044,21.913474016,23.38729906
2,110.5,-2.324663326,16.39418118,0.1296626372,13.51410735,13.78684956,14.245204152,15.139598587,16.39418118,18.078031381,19.260340621,20.225575811,22.00995586,23.497622894
2,111.5,-2.307240716,16.438987413,0.1304671382,13.534124762,13.809111546,14.271293647,15.173337489,16.438987413,18.13814687,19.331404869,20.305640609,22.106668641,23.608083807
2,112.5,-2.290287663,16.484280823,0.1312578524,13.554744872,13.83196589,14.297957871,15.207615739,16.484280823,18.198673786,19.402822598,20.386008206,22.203581509,23.718649328
2,113.5,-2.273803847,16.530045538,0.1320344789,13.575962802,13.855406666,14.325189131,15.242422189,16.530045538,18.259590465,19.474568694,20.466651174,22.300664287,23.829288837
2,114.5,-2.257782149,16.57626713,0.132796819,13.59777181,13.879426466,14.35297886,15.277745907,16.57626713,18.320877637,19.546620507,20.547544196,22.397887094,23.939969204
2,115.5,-2.242227723,16.62292864,0.1335445247,13.620168486,13.904020526,14.381320038,15.313575565,16.62292864,18.382512016,19.618951499,20.628658996,22.495221076,24.050664182
2,116.5,-2.227132805,16.670015716,0.1342774356,13.643145665,13.92918106,14.410203797,15.349900084,16.670015716,18.444474723,19.691539649,20.709971078,22.592637546,24.161342137
2,117.5,-2.212495585,16.717512877,0.1349953236,13.66669786,13.954901632,14.439622092,15.386708276,16.717512877,18.50674506,19.764361199,20.791454688,22.690108545,24.271975057
2,118.5,-2.19831275,16.765404961,0.1356979956,13.690819049,13.981175358,14.469566585,15.423988935,16.765404961,18.56930296,19.837393135,20.873084823,22.787606652,24.382535024
2,119.5,-2.184580762,16.813676886,0.1363852755,13.715503044,14.007995218,14.500028834,15.461730832,16.813676886,18.632128591,19.91061278,20.954836899,22.88510501,24.492994793
2,120.5,-2.171295888,16.862313656,0.1370570042,13.740743496,14.035354051,14.531000299,15.499922711,16.862313656,18.695202348,19.983997788,21.03668675,22.982577328,24.603327787
2,121.5,-2.158454232,16.911300357,0.1377130391,13.766533898,14.063244558,14.562472338,15.538553291,16.911300357,18.758504859,20.05752615,21.118610629,23.079997876,24.713508102
2,122.5,-2.146051754,16.960622156,0.1383532537,13.792867581,14.091659301,14.594436211,15.577611268,16.960622156,18.822016982,20.131176192,21.200585205,23.177341493,24.823510501
2,123.5,-2.134084303,17.010264304,0.1389775374,13.819737715,14.120590705,14.626883073,15.617085307,17.010264304,18.885719804,20.204926574,21.282587568,23.274583578,24.933310419
2,124.5,-2.122547629,17.060212133,0.1395857952,13.847137311,14.150031057,14.659803981,15.65696405,17.060212133,18.949594645,20.278756292,21.364595227,23.371700099,25.04288396
2,125.5,-2.111437411,17.110451055,0.1401779469,13.875059221,14.179972506,14.69318989,15.697236113,17.110451055,19.013623053,20.352644676,21.446586109,23.468667584,25.1522079
2,126.5,-2.100749266,17.160966564,0.1407539274,13.903496139,14.210407062,14.727031656,15.737890083,17.160966564,19.077786808,20.426571391,21.528538558,23.56546313,25.261259684
2,127.5,-2.090478774,17.211744236,0.1413136859,13.932440598,14.2413266,14.761320031,15.778914521,17.211744236,19.142067919,20.500516439,21.610431341,23.662064395,25.370017427
2,128.5,-2.080621484,17.262769728,0.1418571858,13.961884973,14.272722855,14.796045668,15.82029796,17.262769728,19.206448627,20.574460154,21.692243641,23.758449602,25.478459916
2,129.5,-2.071172932,17.314028776,0.1423844043,13.991821482,14.304587427,14.831199119,15.862028908,17.314028776,19.270911401,20.648383208,21.773955058,23.854597539,25.586566609
2,130.5,-2.062128649,17.365507199,0.1428953318,14.022242183,14.336911777,14.866770835,15.904095844,17.365507199,19.335438943,20.722266606,21.855545616,23.950487558,25.694317634
2,131.5,-2.053484173,17.417190895,0.143389972,14.053138976,14.369687229,14.902751164,15.946487218,17.417190895,19.400014184,20.79609169,21.936995752,24.046099573,25.801693793
2,132.5,-2.045235058,17.469065845,0.1438683412,14.084503604,14.402904971,14.939130356,15.989191457,17.469065845,19.464620284,20.869840136,22.018286325,24.141414065,25.908676558
2,133.5,-2.03737688,17.52111811,0.1443304685,14.116327651,14.436556052,14.975898557,16.032196956,17.52111811,19.529240638,20.943493956,22.099398612,24.236412075,26.015248074
2,134.5,-2.029906684,17.573333469,0.1447763715,14.148603066,14.470631805,15.013046071,16.075492051,17.573333469,19.593858264,21.017034888,22.180313815,24.331075256,26.121392012
2,135.5,-2.022817914,17.625698688,0.1452061381,14.181320323,14.505122367,15.050562451,16.119065133,17.625698688,19.658457924,21.090446529,22.261014785,24.4253857,26.227090562
2,136.5,-2.016107084,17.678199868,0.1456198193,14.214470838,14.540018622,15.088437692,16.162904499,17.678199868,19.723023361,21.163711548,22.341483772,24.519326162,26.332328374
2,137.5,-2.009769905,17.730823397,0.1460174906,14.248045559,14.575311069,15.126661536,16.206998438,17.730823397,19.787538893,21.2368133,22.421703726,24.612879933,26.437090271
2,138.5,-2.003802134,17.783555746,0.1463992386,14.282035277,14.610990067,15.165223623,16.251335212,17.783555746,19.851989073,21.309735477,22.501658014,24.706030862,26.54136175
2,139.5,-1.998199572,17.836383471,0.1467651605,14.31643062,14.647045838,15.204113491,16.295903054,17.836383471,19.916358689,21.38246211,22.581330425,24.798763363,26.645128974
2,140.5,-1.992958064,17.889293209,0.1471153639,14.351222058,14.683468464,15.243320574,16.340690171,17.889293209,19.980632762,21.454977564,22.660705166,24.891062407,26.748378778
2,141.5,-1.988073505,17.942271684,0.1474499668,14.386399899,14.720247888,15.282834206,16.385684746,17.942271684,20.044796548,21.527266545,22.739766862,24.982913526,26.851098665
2,142.5,-1.983541835,17.995305704,0.1477690965,14.42195429,14.757373914,15.322643618,16.430874933,17.995305704,20.108835539,21.599314096,22.818500558,25.074302811,26.953276807
2,143.5,-1.979359041,18.048382162,0.1480728906,14.457875217,14.794836204,15.362737939,16.476248861,18.048382162,20.172735461,21.671105598,22.896891716,25.165216914,27.054902046
2,144.5,-1.975521156,18.101488036,0.1483614954,14.494152502,14.832624281,15.403106193,16.521794632,18.101488036,20.236482278,21.742626772,22.974926221,25.255643043,27.155963891
2,145.5,-1.972024258,18.154610394,0.1486350668,14.530775807,14.870727527,15.443737306,16.567500325,18.154610394,20.300062191,21.813863676,23.052590371,25.345568966,27.256452521
2,146.5,-1.968864465,18.207736386,0.1488937694,14.567734629,14.909135184,15.484620095,16.61335399,18.207736386,20.363461637,21.884802708,23.129870888,25.434983007,27.356358781
2,147.5,-1.966037938,18.260853253,0.1491377764,14.605018301,14.947836351,15.52574328,16.659343656,18.260853253,20.426667293,21.955430607,23.20675491,25.523874049,27.455674187
2,148.5,-1.963540872,18.313948324,0.1493672695,14.642615994,14.986819986,15.567095474,16.705457324,18.313948324,20.489666074,22.02573445,23.283229994,25.612231528,27.55439092
2,149.5,-1.961369499,18.367009017,0.1495824386,14.680516712,15.026074904,15.608665187,16.751682972,18.367009017,20.552445135,22.095701657,23.359284118,25.700045441,27.652501829
2,150.5,-1.959520079,18.420022839,0.1497834816,14.718709295,15.065589778,15.650440826,16.798008553,18.420022839,20.61499187,22.165319987,23.434905677,25.787306336,27.750000429
2,151.5,-1.9579889,18.472977388,0.1499706043,14.757182414,15.105353137,15.692410697,16.844421999,18.472977388,20.677293916,22.23457754,23.510083486,25.874005319,27.846880903
2,152.5,-1.956772271,18.525860352,0.1501440201,14.795924576,15.145353366,15.734562997,16.890911214,18.525860352,20.739339151,22.303462758,23.584806779,25.960134049,27.943138099
2,153.5,-1.95586652,18.578659513,0.1503039498,14.83492412,15.185578709,15.776885824,16.937464082,18.578659513,20.801115694,22.371964427,23.659065209,26.045684738,28.03876753
2,154.5,-1.955267984,18.631362745,0.1504506214,14.874169215,15.22601726,15.819367168,16.984068463,18.631362745,20.862611908,22.440071674,23.732848848,26.130650155,28.133765375
2,155.5,-1.954973011,18.683958013,0.1505842702,14.913647861,15.266656971,15.861994917,17.030712195,18.683958013,20.923816402,22.507773969,23.806148189,26.215023617,28.228128478
2,156.5,-1.954977947,18.736433381,0.1507051384,14.953347891,15.307485648,15.904756854,17.077383093,18.736433381,20.984718028,22.575061126,23.878954143,26.298798997,28.321854345
2,157.5,-1.955279136,18.788777004,0.1508134748,14.993256963,15.34849095,15.947640656,17.124068951,18.788777004,21.045305885,22.641923303,23.951258042,26.381970718,28.414941148
2,158.5,-1.955872909,18.840977134,0.1509095352,15.033362567,15.389660389,15.990633897,17.170757542,18.840977134,21.105569316,22.708351005,24.023051637,26.464533755,28.507387718
2,159.5,-1.956755579,18.893022121,0.1509935818,15.073652017,15.430981329,16.033724043,17.217436616,18.893022121,21.165497916,22.774335079,24.0943271,26.546483632,28.599193552
2,160.5,-1.957923436,18.944900411,0.1510658829,15.114112458,15.472440986,16.076898457,17.264093904,18.944900411,21.225081524,22.839866721,24.165077024,26.627816426,28.690358805
2,161.5,-1.959372737,18.996600549,0.1511267136,15.154730857,15.514026427,16.120144395,17.310717115,18.996600549,21.284310233,22.904937473,24.235294421,26.70852876,28.780884296
2,162.5,-1.9610997,19.048111179,0.1511763547,15.195494007,15.555724571,16.163449007,17.35729394,19.048111179,21.343174381,22.969539223,24.304972725,26.788617809,28.870771501
2,163.5,-1.963100496,19.099421046,0.1512150935,15.236388527,15.597522183,16.206799337,17.403812048,19.099421046,21.401664563,23.033664209,24.374105793,26.868081296,28.960022556
2,164.5,-1.96537124,19.150518994,0.1512432229,15.277400855,15.639405882,16.250182323,17.45025909,19.150518994,21.459771622,23.097305018,24.442687902,26.94691749,29.048640254
2,165.5,-1.967907983,19.201393971,0.1512610419,15.318517255,15.681362131,16.293584795,17.496622696,19.201393971,21.517486656,23.160454584,24.510713751,27.025125211,29.136628048
2,166.5,-1.970706706,19.252035026,0.1512688553,15.359723809,15.723377243,16.336993476,17.54289048,19.252035026,21.574801018,23.223106195,24.578178463,27.102703824,29.223990044
2,167.5,-1.973763307,19.302431312,0.1512669735,15.401006423,15.765437378,16.380394981,17.589050034,19.302431312,21.631706315,23.285253487,24.645077582,27.17965324,29.310731006
2,168.5,-1.977073595,19.352572085,0.1512557127,15.442350817,15.807528542,16.423775819,17.635088935,19.352572085,21.688194411,23.346890452,24.711407079,27.255973919,29.396856349
2,169.5,-1.980633277,19.402446707,0.1512353947,15.483742535,15.849636587,16.467122389,17.680994739,19.402446707,21.744257427,23.408011431,24.777163347,27.331666865,29.482372143
2,170.5,-1.984437954,19.452044646,0.1512063468,15.525166933,15.891747208,16.510420982,17.726754985,19.452044646,21.799887744,23.468611122,24.842343203,27.406733627,29.567285111
2,171.5,-1.988483106,19.501355476,0.1511689019,15.566609187,15.933845947,16.55365778,17.772357195,19.501355476,21.855078,23.528684575,24.90694389,27.481176301,29.651602625
2,172.5,-1.992764085,19.550368876,0.1511233983,15.608054288,15.975918187,16.596818856,17.817788873,19.550368876,21.909821094,23.588227198,24.970963079,27.554997527,29.735332707
2,173.5,-1.997276103,19.599074637,0.1510701797,15.649487039,16.017949155,16.639890174,17.863037506,19.599074637,21.964110189,23.647234755,25.034398866,27.62820049,29.818484028
2,174.5,-2.002014224,19.647462655,0.1510095954,15.690892059,16.059923921,16.682857585,17.908090562,19.647462655,22.017938706,23.705703367,25.097249774,27.700788918,29.901065905
2,175.5,-2.00697335,19.695522937,0.1509419999,15.732253779,16.101827393,16.725706833,17.952935494,19.695522937,22.071300334,23.763629515,25.159514755,27.772767087,29.9830883
2,176.5,-2.012148213,19.743245597,0.1508677534,15.773556441,16.143644323,16.76842355,17.997559737,19.743245597,22.124189022,23.821010038,25.22119319,27.844139812,30.064561822
2,177.5,-2.017533363,19.790620862,0.1507872211,15.814784099,16.185359301,16.810993255,18.041950709,19.790620862,22.176598989,23.877842138,25.282284892,27.914912457,30.145497721
2,178.5,-2.023123159,19.837639068,0.1507007738,15.855920616,16.226956758,16.853401357,18.08609581,19.837639068,22.228524716,23.934123376,25.342790101,27.985090927,30.225907888
2,179.5,-2.028911755,19.884290662,0.1506087878,15.896949665,16.268420961,16.895633153,18.129982423,19.884290662,22.279960954,23.989851678,25.402709492,28.054681672,30.305804856
2,180.5,-2.034893091,19.930566203,0.1505116446,15.937854728,16.309736017,16.937673827,18.173597916,19.930566203,22.33090272,24.045025332,25.462044172,28.123691687,30.385201795
2,181.5,-2.041060881,19.976456361,0.1504097312,15.978619092,16.350885869,16.979508448,18.216929637,19.976456361,22.381345301,24.099642992,25.520795682,28.192128511,30.464112511
2,182.5,-2.047408604,20.021951917,0.1503034402,16.019225855,16.391854299,17.021121976,18.259964917,20.021951917,22.431284252,24.153703678,25.578965997,28.260000228,30.542551449
2,183.5,-2.05392949,20.067043765,0.1501931693,16.059657919,16.432624923,17.062499252,18.302691069,20.067043765,22.480715401,24.207206776,25.63655753,28.327315465,30.620533684
2,184.5,-2.060616513,20.11172291,0.1500793222,16.099897993,16.473181193,17.103625006,18.345095389,20.11172291,22.529634844,24.260152041,25.693573128,28.394083399,30.698074926
2,185.5,-2.067462375,20.155980469,0.1499623077,16.13992859,16.513506398,17.144483853,18.387165154,20.155980469,22.578038948,24.312539595,25.750016081,28.460313748,30.775191517
2,186.5,-2.074459502,20.199807672,0.1498425404,16.179732029,16.55358366,17.185060291,18.428887622,20.199807672,22.625924354,24.364369931,25.805890113,28.52601678,30.851900424
2,187.5,-2.081600029,20.243195857,0.1497204407,16.219290434,16.593395935,17.225338705,18.470250032,20.243195857,22.673287974,24.415643913,25.861199394,28.591203309,30.928219248
2,188.5,-2.088875793,20.286136477,0.1495964342,16.258585734,16.632926016,17.265303362,18.511239603,20.286136477,22.720126992,24.466362775,25.915948531,28.655884697,31.004166211
2,189.5,-2.096278323,20.328621093,0.1494709526,16.297599662,16.672156529,17.304938412,18.551843534,20.328621093,22.766438863,24.516528123,25.970142578,28.720072857,31.079760165
2,190.5,-2.103798828,20.370641376,0.1493444333,16.336313753,16.711069932,17.344227892,18.592049003,20.370641376,22.812221316,24.566141937,26.02378703,28.783780248,31.155020583
2,191.5,-2.111428194,20.412189106,0.1492173194,16.374709351,16.749648518,17.38315572,18.631843167,20.412189106,22.857472353,24.61520657,26.076887829,28.847019885,31.229967564
2,192.5,-2.119156972,20.453256172,0.14909006,16.412767601,16.787874416,17.421705695,18.671213161,20.453256172,22.902190244,24.663724748,26.129451362,28.909805333,31.304621825
2,193.5,-2.126975375,20.49383457,0.1489631101,16.450469457,16.825729586,17.459861502,18.710146096,20.49383457,22.946373535,24.711699572,26.181484465,28.972150709,31.379004708
2,194.5,-2.134873266,20.5339164,0.1488369306,16.487795674,16.863195825,17.497606707,18.74862906,20.5339164,22.990021037,24.759134514,26.232994421,29.034070689,31.453138174
2,195.5,-2.142840157,20.573493869,0.1487119885,16.524726818,16.900254764,17.534924759,18.786649117,20.573493869,23.033131835,24.806033424,26.283988963,29.095580504,31.527044804
2,196.5,-2.150865204,20.612559285,0.1485887569,16.561243261,16.936887868,17.571798989,18.824193305,20.612559285,23.075705279,24.852400525,26.334476271,29.156695943,31.600747798
2,197.5,-2.158937201,20.651105058,0.1484677151,16.597325183,16.97307644,17.608212609,18.861248634,20.651105058,23.117740989,24.898240411,26.38446498,29.217433356,31.674270975
2,198.5,-2.167044578,20.689123698,0.1483493484,16.632952572,17.008801618,17.644148717,18.897802089,20.689123698,23.159238849,24.943558054,26.433964175,29.277809657,31.747638774
2,199.5,-2.175176987,20.726607282,0.1482341202,16.668105899,17.044044915,17.679590611,18.933840555,20.726607282,23.200198098,24.988357847,26.482982588,29.33784232,31.8208776
2,200.5,-2.183317362,20.763550105,0.148122614,16.702762768,17.078785534,17.714520188,18.96935117,20.763550105,23.240621879,25.032648356,26.531532626,29.397549393,31.894009075
2,201.5,-2.191457792,20.799943374,0.1480152488,16.736904608,17.113005736,17.748921154,19.004320616,20.799943374,23.280508137,25.076432823,26.57962232,29.456949484,31.96706354
2,202.5,-2.199583649,20.83578051,0.1479125643,16.770509988,17.146685474,17.782775811,19.038735828,20.83578051,23.319858717,25.11971866,26.627263379,29.51606178,32.040066547
2,203.5,-2.207681525,20.871054493,0.1478150781,16.803557958,17.179805079,17.816066665,19.072583635,20.871054493,23.358674816,25.162512708,26.674467165,29.574906037,32.113045614
2,204.5,-2.215737645,20.905758394,0.1477233147,16.836027385,17.212344716,17.848776102,19.105850832,20.905758394,23.396957889,25.204822177,26.721245498,29.633502591,32.18602887
2,205.5,-2.223739902,20.939884769,0.1476377678,16.867897888,17.244285168,17.880886888,19.138524174,20.939884769,23.43470854,25.246653477,26.767609651,29.691872359,32.259046823
2,206.5,-2.231667995,20.973428578,0.1475590832,16.899145277,17.275604072,17.912379748,19.170590397,20.973428578,23.471931904,25.28801794,26.813575259,29.750036824,32.33212376
2,207.5,-2.239511942,21.006381705,0.1474877162,16.929750116,17.306282966,17.9432379,19.202036172,21.006381705,23.508627555,25.328921084,26.859153118,29.808018082,32.405293867
2,208.5,-2.247257081,21.038737402,0.1474242097,16.959690789,17.336301585,17.973443388,19.232848145,21.038737402,23.54479768,25.369371303,26.904356628,29.865838796,32.478588179
2,209.5,-2.254885145,21.070489959,0.1473691743,16.988943973,17.365638249,18.002977319,19.263012919,21.070489959,23.580446509,25.409379292,26.949201319,29.923522234,32.552035445
2,210.5,-2.26238209,21.101632407,0.147323144,17.017488281,17.394272864,18.031821809,19.292517053,21.101632407,23.615576034,25.448953455,26.993700896,29.981092247,32.625669016
2,211.5,-2.269731517,21.132158447,0.1472866982,17.045301197,17.422184393,18.059958346,19.321347062,21.132158447,23.650189616,25.488103769,27.037870563,30.038573291,32.69952105
2,212.5,-2.276917229,21.162061708,0.1472604146,17.072360264,17.449351838,18.087368421,19.349489415,21.162061708,23.684290587,25.526840293,27.081725748,30.095990421,32.773624739
2,213.5,-2.283925442,21.191335097,0.1472448281,17.098644118,17.475755094,18.114034091,19.376930549,21.191335097,23.71788103,25.56517184,27.125280941,30.153369256,32.848016316
2,214.5,-2.290731442,21.219974716,0.1472406828,17.124126191,17.501369744,18.139934578,19.403656795,21.219974716,23.75096919,25.603114,27.168556681,30.210736178,32.922722962
2,215.5,-2.29732427,21.247972623,0.147248467,17.148786341,17.526176669,18.165052539,19.429654504,21.247972623,23.783555789,25.640674345,27.211566682,30.268117989,32.997785097
2,216.5,-2.303687802,21.275322389,0.1472687698,17.172601938,17.550154683,18.189369265,19.454909959,21.275322389,23.815644518,25.67786376,27.254327686,30.325542155,33.07323931
2,217.5,-2.309799971,21.302019325,0.1473022986,17.195547442,17.573280181,18.212864439,19.479409337,21.302019325,23.847242521,25.714697004,27.296859987,30.38303689,33.149117493
2,218.5,-2.315651874,21.328054894,0.1473495144,17.217603518,17.595534679,18.235521081,19.503138885,21.328054894,23.8783497,25.751181066,27.339177208,30.440630728,33.225464433
2,219.5,-2.32121731,21.353425629,0.1474112153,17.238742459,17.616892752,18.257317631,19.526084623,21.353425629,23.908975815,25.787333798,27.381302678,30.498353237,33.30230965
2,220.5,-2.326481911,21.378124616,0.1474879793,17.258942113,17.637333562,18.278235517,19.548232633,21.378124616,23.939124145,25.823166106,27.423253776,30.556234331,33.379694311
2,221.5,-2.331428139,21.402145892,0.1475804525,17.278178695,17.656834899,18.298255244,19.569568904,21.402145892,23.968799926,25.858691151,27.465050023,30.614304629,33.457657324
2,222.5,-2.336038473,21.425483514,0.1476892889,17.296428294,17.675374442,18.317357218,19.590079368,21.425483514,23.998008576,25.893922413,27.506711377,30.672595385,33.53623826
2,223.5,-2.34029545,21.448131558,0.1478151501,17.313666882,17.692929755,18.335521745,19.609749894,21.448131558,24.026755688,25.928873687,27.548258238,30.731138492,33.615477358
2,224.5,-2.344181703,21.470084116,0.1479587057,17.329870318,17.709478294,18.352729033,19.628566287,21.470084116,24.055047023,25.963559081,27.589711442,30.789966483,33.695415527
2,225.5,-2.34768,21.491335286,0.1481206332,17.34501435,17.724997408,18.368959194,19.64651429,21.491335286,24.082888512,25.997993009,27.631092257,30.849112534,33.776094353
2,226.5,-2.350773286,21.511879176,0.1483016185,17.359074619,17.739464345,18.384192245,19.663579579,21.511879176,24.110286241,26.032190187,27.672422386,30.908610469,33.857556101
2,227.5,-2.353444725,21.531709894,0.1485023554,17.372026667,17.752856251,18.398408112,19.679747762,21.531709894,24.137246456,26.06616563,27.71372396,30.968494761,33.939843723
2,228.5,-2.355677743,21.550821547,0.1487235462,17.383845936,17.765150176,18.411586625,19.695004381,21.550821547,24.16377555,26.099934651,27.755019537,31.028800535,34.023000858
2,229.5,-2.35745607,21.569208237,0.1489659018,17.394507776,17.776323076,18.423707526,19.709334907,21.569208237,24.189880061,26.133512849,27.7963321,31.089563569,34.107071839
2,230.5,-2.358763788,21.586864057,0.1492301415,17.403987449,17.786351816,18.434750468,19.72272474,21.586864057,24.215566671,26.166916112,27.837685054,31.150820299,34.192101699
2,231.5,-2.359585369,21.603783087,0.1495169936,17.412260129,17.795213175,18.444695014,19.735159209,21.603783087,24.240842192,26.20016061,27.879102226,31.212607819,34.278136171
2,232.5,-2.359905726,21.619959388,0.1498271951,17.419300913,17.802883845,18.453520643,19.746623568,21.619959388,24.265713571,26.23326279,27.920607856,31.274963885,34.3652217
2,233.5,-2.359710258,21.635387002,0.1501614923,17.425084819,17.809340439,18.461206749,19.757102998,21.635387002,24.290187877,26.266239373,27.9622266,31.337926913,34.453405443
2,234.5,-2.358980464,21.650061262,0.150520734,17.429584477,17.814557553,18.467731328,19.766582461,21.650061262,24.314274992,26.299110386,28.003986289,31.401536312,34.542730659
2,235.5,-2.357714508,21.663972695,0.1509054394,17.432780866,17.818516749,18.473077063,19.775047356,21.663972695,24.337975135,26.331885089,28.045905123,31.465830973,34.633258104
2,236.5,-2.355892424,21.677117355,0.1513165313,17.434645126,17.821191341,18.477221024,19.782482417,21.677117355,24.3613,26.364585813,28.088013354,31.530851807,34.725029791
2,237.5,-2.353501353,21.689489352,0.1517548077,17.435151678,17.822557366,18.480142088,19.788872489,21.689489352,24.384257496,26.397230769,28.130337667,31.596639946,34.818095114
2,238.5,-2.350528726,21.701082884,0.1522210861,17.434274654,17.822590601,18.48181892,19.79420232,21.701082884,24.406855907,26.429838734,28.172905434,31.663237236,34.91250374
2,239.5,-2.346962247,21.711892252,0.1527162055,17.431987863,17.821266527,18.482229947,19.798456547,21.711892252,24.429103928,26.462429098,28.215744764,31.730686253,35.008305519
2,240,-2.34495843,21.716999342,0.152974718,17.430310748,17.820090457,18.481955822,19.800175716,21.716999342,24.44009565,26.478719662,28.237271346,31.764743113,35.056750932
2,240.5,-2.342796948,21.721909734,0.1532408716,17.428268634,17.818563561,18.481355567,19.801619986,21.721909734,24.451006217,26.495016788,28.258879832,31.799029637,35.10555822
