"304","3"
"452","4"
"453","4"
"458","4"
"1024","2"
"1025","2"
"1092","4"
"1093","4"
"1101","4"
"1278","4"
"1282","4"
"1287","3"
"1288","4"
"1297","4"
"1303","4"
"1304","4"
"1553","4"
"1554","4"
"1555","4"
"1556","4"
"1763","2"
"1764","2"
"1765","2"
"1842","4"
"1843","4"
"1844","4"
"1880","5"
"1906","4"
"1907","4"
"1907","4"
"1912","3"
"1913","5"
"1914","5"
"2201","2"
"2202","2"
"2203","2"
"2204","2"
"2205","2"
"2206","2"
"2208","2"
"2209","2"
"2210","2"
"2222","3"
"2224","3"
"2225","3"
"2227","4"
"2237","5"
"2249","4"
"2250","4"
"2256","3"
"2334","3"
"2339","2"
"2340","2"
"2341","3"
"2342","3"
"2343","2"
"2344","2"
"2345","2"
"2346","2"
"2348","2"
"2350","2"
"2351","2"
"2352","2"
"2353","2"
"2354","2"
"2388","3"
"2388","3"
"2389","3"
"2390","2"
"2705","2"
"2706","3"
"2765","2"
"2772","2"
"2778","4"
"2779","4"
"2781","5"
"2794","4"
"2795","2"
"2796","2"
"2797","2"
"2798","2"
"2800","2"
"2811","2"
"2826","2"
"2827","2"
"2855","2"
"2856","2"
"2862","2"
"2881","2"
"2882","2"
"2883","2"
"2886","2"
"2887","5"
"2906","2"
"2907","2"
"2908","2"
"2910","2"
"2933","4"
"2969","2"
"2970","2"
"2972","2"
"2978","2"
"2979","2"
"2981","2"
"3016","2"
"3017","2"
"3019","2"
"3020","2"
"3023","2"
"3032","3"
"3056","3"
"3057","3"
"3058","3"
"3059","3"
"3322","4"
"3330","5"
"3720","2"
"3828","4"
"3829","4"
"3830","4"
"4384","4"
"4385","4"
"4391","3"
"4420","3"
"4488","2"
"4489","2"
"4494","2"
"4671","5"
"4671","5"
"4672","3"
"4673","3"
"4749","4"
"4749","4"
"4843","3"
"4853","3"
"4878","3"
"4881","4"
"4897","4"
"4913","4"
"4927","4"
"4941","4"
"5322","5"
"5326","4"
"5329","5"
"5333","3"
"5397","3"
"5413","3"
"5414","3"
"5419","4"
"5420","4"
"5421","4"
"5474","4"
"5475","4"
"5485","3"
"5503","4"
"5506","4"
"5507","4"
"5699","4"
"5768","3"
"5769","3"
"5770","4"
"5773","4"
"5791","4"
"5792","4"
"5792","4"
"5793","4"
"5856","3"
"5866","4"
"5880","5"
"5912","4"
"5923","3"
"5925","3"
"5938","4"
"5944","4"
"5945","4"
"5946","4"
"6286","3"
"6693","4"
"6694","4"
"6740","3"
"6748","4"
"6751","3"
"6848","2"
"6886","2"
"6887","2"
"6888","2"
"6889","2"
"6891","2"
"6892","2"
"7134","3"
"7136","4"
"7137","4"
"7143","4"
"7144","4"
"7145","4"
"7146","4"
"7147","4"
"7150","4"
"7151","4"
"7152","4"
"7288","2"
"7289","2"
"7290","2"
"7291","2"
"10030","4"
"10031","4"
"10037","4"
"10054","4"
"10064","4"
"10089","4"
"10103","4"
"10104","4"
"10105","4"
"10108","4"
"10112","5"
"10115","4"
"10117","4"
"10138","4"
"10148","3"
"10161","4"
"10163","4"
"10164","4"
"10167","4"
"10167","4"
"11279","3"
"11281","3"
"11297","4"
"11302","5"
"11303","5"
"11459","3"
"11483","4"
"11496","4"
"11496","4"
"11497","3"
"11497","3"
"11514","3"
"11523","3"
"11524","4"
"11525","4"
"11527","4"
"11532","4"
"11533","4"
"11550","3"
"11552","4"
"11798","3"
"11809","3"
"11825","3"
"11828","5"
"11830","3"
"11840","5"
"11854","5"
"11856","5"
"11893","3"
"12125","4"
"12240","3"
"12949","2"
"12954","2"
"13003","4"
"13028","4"
"13029","4"
"13030","4"
"13031","4"
"13089","2"
"13131","4"
"13146","2"
"13147","2"
"13380","2"
"13381","2"
"13382","2"
"13399","2"
"13439","4"
"13440","4"
"13594","4"
"13595","4"
"13596","4"
"13716","4"
"13717","5"
"13717","5"
"13720","3"
"13720","3"
"13722","5"
"13722","5"
"13722","5"
"13723","3"
"13723","3"
"13723","3"
"13744","3"
"13744","3"
"13745","3"
"13745","3"
"13807","3"
"13807","3"
"13808","3"
"13808","3"
"13809","3"
"13809","3"
"13862","4"
"13867","4"
"13867","4"
"14075","2"
"14076","2"
"14077","2"
"14078","2"
"14080","2"
"14082","2"
"14110","4"
"14125","2"
"14129","2"
"14134","2"
"14135","2"
"14181","4"
"14192","2"
"14443","4"
"14444","4"
"14445","4"
"14499","4"
"14515","4"
"14515","4"
"14668","4"
"14668","4"
"14710","5"
"14710","4"
"14710","5"
"14712","5"
"14712","5"
"14712","5"
"14755","4"
"14937","3"
"14942","3"
"14954","3"
"15023","3"
"15028","3"
"15029","3"
"15030","3"
"15082","2"
"15083","2"
"15084","2"
"15085","2"
"15108","2"
"15114","4"
"15116","4"
"15351","3"
"15353","3"
"15487","5"
"15525","4"
"15526","4"
"15527","4"
"15700","4"
"15701","4"
"15757","4"
"15758","4"
"15759","4"
"15819","3"
"15843","3"
"15903","3"
"15904","3"
"15915","3"
"15917","3"
"15919","3"
"15941","3"
"15942","4"
"15950","3"
"15951","4"
"15952","4"
"16247","3"
"16576","4"
"16741","4"
"16741","4"
"16913","4"
"16914","4"
"17449","4"
"17450","4"
"17451","5"
"17451","5"
"17454","4"
"17455","4"
"17456","4"
"17533","2"
"17546","3"
"17546","3"
"17554","4"
"17554","4"
"17582","5"
"17650","3"
"17660","4"
"17701","3"
"17740","4"
"17740","4"
"17740","4"
"17741","4"
"17741","4"
"17741","4"
"17742","4"
"17742","4"
"17742","4"
"17744","5"
"17746","5"
"17770","5"
"17805","3"
"17840","4"
"17840","4"
"17841","4"
"17841","4"
"17847","2"
"17931","4"
"18058","2"
"18059","2"
"18060","2"
"18061","2"
"18062","4"
"18062","4"
"18063","4"
"18063","4"
"18064","4"
"18065","4"
"18130","3"
"18130","3"
"18131","3"
"18152","4"
"18152","4"
"18153","4"
"18153","4"
"18153","4"
"18155","4"
"18164","3"
"18165","3"
"18166","4"
"18167","4"
"18168","4"
"18170","3"
"18175","4"
"18175","4"
"18176","4"
"18178","4"
"18189","3"
"18192","3"
"18193","3"
"18278","5"
"18421","3"
"18956","3"
"18977","3"
"19141","3"
"19143","3"
"19461","3"
"19984","5"
"20038","3"
"20264","3"
"20264","3"
"20265","4"
"20266","3"
"20266","3"
"20266","3"
"20267","4"
"20268","3"
"20407","3"
"20408","3"
"20408","3"
"20410","3"
"20411","3"
"20412","4"
"20413","4"
"20414","4"
"20415","4"
"20415","4"
"20416","4"
"20416","4"
"20423","4"
"20425","4"
"20426","4"
"20427","4"
"20428","4"
"20429","4"
"20430","4"
"20431","3"
"20432","4"
"20434","4"
"20436","4"
"20436","4"
"20437","4"
"20437","4"
"20441","4"
"20453","2"
"20454","2"
"20455","2"
"20456","2"
"22705","4"
"22706","4"
"22707","4"
"22712","3"
"22732","4"
"22739","4"
"23032","4"
"23033","4"
"23034","4"
"23055","3"
"23060","3"
"23062","3"
"23067","3"
"23076","3"
"23092","3"
"23108","3"
"23109","3"
"23171","4"
"23175","4"
"23181","3"
"23182","3"
"23837","3"
"23838","3"
"23841","4"
"23842","4"
"23843","4"
"23844","4"
"23845","4"
"24009","4"
"24064","4"
"24065","4"
"24086","4"
"24087","4"
"24147","4"
"24148","4"
"24149","4"
"24282","3"
"24433","3"
"24435","3"
"24740","3"
"24751","3"
"24751","3"
"24751","3"
"24753","3"
"24753","3"
"24788","5"
"24811","4"
"24819","3"
"24837","4"
"24843","3"
"24877","4"
"24878","4"
"24879","4"
"24892","4"
"24893","4"
"24899","4"
"24902","4"
"24903","4"
"24905","4"
"24906","4"
"24909","4"
"24910","4"
"24911","4"
"24912","3"
"25106","3"
"25106","3"
"25108","4"
"25115","3"
"25115","3"
"25131","4"
"25139","4"
"25251","3"
"26285","3"
"26297","4"
"26586","4"
"26587","3"
"26593","3"
"26596","3"
"26596","3"
"26598","5"
"26599","3"
"26603","4"
"26604","4"
"26605","4"
"26606","4"
"26606","4"
"26609","4"
"26610","4"
"26610","4"
"26611","4"
"26614","4"
"26614","4"
"26629","3"
"26629","3"
"26630","3"
"26679","3"
"26892","5"
"27099","3"
"28081","4"
"28082","4"
"28083","4"
"28085","4"
"28085","4"
"28086","3"
"28086","3"
"28088","3"
"28094","4"
"28095","4"
"28096","4"
"28102","1"
"28306","3"
"28306","3"
"28306","3"
"28307","3"
"28307","3"
"28308","3"
"28309","3"
"28311","3"
"28311","3"
"28311","3"
"28311","3"
"28312","3"
"28313","3"
"28314","3"
"28316","3"
"28318","3"
"28423","5"
"28430","5"
"28430","5"
"28436","4"
"28437","4"
"28437","4"
"28437","4"
"28442","5"
"28443","5"
"28467","4"
"28473","4"
"28474","4"
"28482","5"
"28483","4"
"28508","4"
"28510","4"
"28547","4"
"28555","4"
"28563","4"
"28567","4"
"28568","5"
"29285","3"
"29300","4"
"29301","4"
"29302","4"
"29392","3"
"29998","4"
"30068","4"
"30491","3"
"30537","4"
"30542","4"
"30542","4"
"31225","4"
"31230","4"
"31233","3"
"31234","3"
"31236","3"
"31357","5"
"31357","5"
"31358","4"
"31358","4"
"31425","3"
"31441","3"
"31527","3"
"31528","3"
"31618","3"
"31624","4"
"31633","3"
"31756","5"
"31756","5"
"31756","5"
"31760","4"
"31760","4"
"31760","4"
"31761","4"
"31761","4"
"31776","4"
"31776","4"
"31776","4"
"31776","4"
"31784","4"
"31784","4"
"31785","3"
"31785","3"
"31785","3"
"31785","3"
"31786","3"
"31786","3"
"31786","3"
"31787","4"
"31787","4"
"31800","4"
"31800","4"
"31801","4"
"31801","4"
"31835","3"
"31862","2"
"31872","5"
"31883","4"
"31889","4"
"31891","3"
"31892","3"
"31904","4"
"31905","4"
"31915","4"
"31924","4"
"31925","4"
"31938","4"
"31939","4"
"31946","3"
"31946","3"
"31977","3"
"31977","3"
"31979","4"
"31979","4"
"31979","4"
"31979","4"
"31981","4"
"31991","3"
"31991","3"
"31998","2"
"32000","3"
"32049","4"
"32049","4"
"32049","4"
"32050","4"
"32065","4"
"32071","4"
"32073","4"
"32073","4"
"32079","2"
"32079","2"
"32079","2"
"32086","3"
"32091","4"
"32103","4"
"32103","4"
"32103","4"
"32103","4"
"32106","3"
"32106","3"
"32108","4"
"32108","4"
"32108","4"
"32113","4"
"32113","4"
"32269","3"
"32269","3"
"32273","4"
"32273","4"
"32273","4"
"32276","4"
"32276","4"
"32276","4"
"32278","5"
"32278","5"
"32278","5"
"32292","4"
"32292","4"
"32292","4"
"32292","4"
"32311","4"
"32314","4"
"32314","4"
"32315","3"
"32315","3"
"32315","3"
"32338","4"
"32338","4"
"32345","5"
"32345","5"
"32347","4"
"32350","4"
"32350","4"
"32351","4"
"32376","4"
"32379","4"
"32379","4"
"32396","4"
"32419","4"
"32419","4"
"32440","3"
"32440","3"
"32441","3"
"32441","3"
"32441","3"
"32470","3"
"32470","3"
"32470","3"
"32475","4"
"32476","4"
"32477","3"
"32485","4"
"32485","4"
"32485","4"
"32495","5"
"32495","5"
"32501","4"
"32501","4"
"32522","4"
"32541","5"
"32541","5"
"32542","4"
"32543","4"
"32543","4"
"32554","3"
"32575","3"
"32576","4"
"32576","4"
"32576","4"
"32577","4"
"32582","4"
"32582","4"
"32584","3"
"32595","4"
"32597","3"
"32597","3"
"32597","3"
"32601","3"
"32607","4"
"32674","3"
"32674","3"
"32674","3"
"32674","3"
"32685","3"
"32689","4"
"32721","3"
"32733","3"
"32744","3"
"32775","3"
"32778","5"
"33230","3"
"33230","3"
"33230","3"
"33236","4"
"33248","3"
"33253","3"
"33257","3"
"33283","4"
"33283","4"
"33283","4"
"33284","4"
"33284","4"
"33284","4"
"33290","5"
"33290","5"
"33290","5"
"33306","3"
"33306","3"
"33340","4"
"33340","4"
"33340","4"
"33364","4"
"33364","4"
"33370","3"
"33376","4"
"33384","3"
"33415","3"
"33422","4"
"33422","4"
"33422","4"
"33422","4"
"33422","4"
"33422","4"
"33431","3"
"33448","4"
"33448","4"
"33448","4"
"33450","4"
"33450","4"
"33450","4"
"33467","3"
"33467","3"
"33467","3"
"33467","3"
"33473","3"
"33475","4"
"33486","4"
"33486","4"
"33487","4"
"33678","5"
"34045","3"
"34046","4"
"34047","4"
"34050","4"
"34373","3"
"34386","5"
"34387","3"
"34397","3"
"34970","4"
"34971","4"
"35226","5"
"35228","4"
"35245","4"
"35245","4"
"35251","4"
"35252","4"
"36175","3"
"36311","4"
"36312","4"
"36347","3"
"36478","3"
"36478","3"
"36478","3"
"36495","4"
"36496","4"
"36503","4"
"36503","4"
"36503","4"
"36504","4"
"36504","4"
"36505","4"
"36505","4"
"36510","5"
"36516","4"
"36517","4"
"36522","3"
"36522","3"
"37049","3"
"37049","3"
"53559","2"
"55295","3"
"55582","2"
"56518","3"
"56518","3"
"56592","2"
"56592","2"
"57758","3"
"57758","3"
"57831","3"
"57836","3"
"57836","3"
"57836","3"
"57985","3"
"58006","3"
"76618","4"
"76607","2"
"76610","4"
"76614","4"
"76498","4"
"76500","4"
"76486","4"
"76305","4"
"76305","4"
"75497","4"
"75483","4"
"75434","5"
"75410","2"
"75411","4"
"75411","4"
"76713","3"
"76890","4"
"76891","4"
"76957","3"
"76957","3"
"77126","4"
"77126","4"
"77127","3"
"77124","4"
"77140","4"
"77181","5"
"77204","2"
"77204","2"
"77208","2"
"77208","2"
"77323","4"
"77428","3"
"77428","3"
"77522","4"
"77522","4"
"77522","4"
"77620","4"
"77656","4"
"77673","4"
"77691","4"
"77697","3"
"77795","3"
"77860","4"
"77857","2"
"77888","4"
"78085","3"
"78201","2"
"78203","2"
"78204","2"
"78269","2"
"78335","3"
"78340","3"
"78385","3"
"78385","3"
"78385","3"
"78383","3"
"78399","4"
"78384","3"
"78406","2"
"78425","3"
"78438","3"
"78478","4"
"78483","4"
"78585","4"
"78606","4"
"78607","4"
"78607","4"
"78641","3"
"78651","3"
"78668","3"
"78706","4"
"78773","2"
"78774","3"
"78850","3"
"78853","4"
"78853","4"
"78853","4"
"78860","4"
"78904","5"
"78904","5"
"78935","4"
"78938","4"
"78948","4"
"78954","4"
"78979","3"
"79001","2"
"79014","2"
"79151","5"
"79162","5"
"79175","2"
"79338","2"
"79379","4"
"79702","2"
"79702","2"
"79800","4"
"79930","4"
"79962","5"
"79962","5"
"79982","5"
"79982","5"
"79983","5"
"79983","5"
"79991","5"
"79991","5"
"80031","4"
"80032","4"
"80074","3"
"80094","3"
"80292","4"
"80292","4"
"80308","3"
"80308","3"
"80311","3"
"80311","3"
"80312","4"
"80314","4"
"80314","4"
"80314","4"
"80414","4"
"80414","4"
"80415","4"
"80415","4"
"80423","2"
"80506","4"
"80506","4"
"80507","4"
"80507","4"
"80572","4"
"80572","4"
"80505","3"
"80590","4"
"80596","5"
"80603","5"
"80603","5"
"80662","4"
"80690","4"
"80776","3"
"80776","3"
"80782","3"
"80782","3"
"80782","3"
"80810","4"
"81071","3"
"81071","3"
"81103","4"
"81222","4"
"81237","4"
"81249","4"
"81300","3"
"81406","4"
"81409","4"
"81410","4"
"81461","4"
"81461","4"
"81491","4"
"81565","4"
"81571","4"
"81569","4"
"81569","4"
"81600","4"
"81610","4"
"81612","4"
"81659","4"
"81661","4"
"81674","4"
"81679","4"
"81718","3"
"81719","3"
"81720","4"
"81725","3"
"81739","4"
"81739","4"
"81739","4"
"81862","5"
"82260","5"
"82260","5"
"82260","5"
"82272","3"
"82307","3"
"82386","2"
"82425","4"
"82437","4"
"82441","5"
"82952","4"
"82998","4"
"83299","4"
"83763","4"
"83765","4"
"83768","4"
"83752","4"
"83847","3"
"83902","2"
"83921","3"
"83927","2"
"84385","4"
"84387","4"
"84388","4"
"84388","4"
"84388","4"
"84393","4"
"84429","4"
"84429","4"
"84429","4"
"84571","3"
"84571","3"
"84573","3"
"84573","3"
"84809","4"
"84810","4"
"84815","4"
"84820","4"
"84825","4"
"84826","4"
"84827","4"
"84828","4"
"84829","2"
"84884","3"
"84931","5"
"84932","5"
"84962","3"
"85107","3"
"85118","3"
"85120","3"
"85121","3"
"85121","3"
"85129","3"
"85143","2"
"85146","4"
"85151","3"
"85151","3"
"85170","4"
"85170","4"
"85192","4"
"85192","4"
"85214","3"
"85305","4"
"85306","4"
"85310","4"
"85311","4"
"85539","3"
"85539","3"
"85600","4"
"85600","4"
"85620","4"
"85680","3"
"85680","3"
"85697","3"
"86008","3"
"86026","2"
"86026","2"
"86110","3"
"86127","3"
"86309","3"
"86310","5"
"86592","2"
"86564","4"
"86598","4"
"86586","2"
"86586","2"
"86613","4"
"86616","4"
"87769","4"
"87920","3"
"87980","4"
"87982","3"
"88096","2"
"88099","2"
"88099","2"
"88099","2"
"88104","2"
"88109","2"
"88109","2"
"88320","5"
"88994","2"
"88996","4"
"89008","4"
"89015","2"
"89068","3"
"89197","2"
"89197","2"
"89197","2"
"89695","4"
"89696","4"
"90328","4"
"90364","4"
"90407","4"
"90408","4"
"90408","4"
"90452","3"
"90678","2"
"90678","2"
"90856","3"
"90937","4"
"90991","4"
"90991","4"
"90992","4"
"90992","4"
"91112","5"
"91115","5"
"91138","4"
"91138","4"
"91141","5"
"91460","5"
"91517","3"
"92044","3"
"92070","3"
"92080","3"
"92238","3"
"92467","3"
"92537","4"
"92538","3"
"92812","3"
"92813","3"
"92825","3"
"92828","5"
"92833","3"
"92839","3"
"93194","4"
"93419","2"
"94643","3"
"95179","4"
"95231","4"
"96112","3"
"96813","5"
"96830","3"
"97351","3"
"97391","2"
"97391","2"
"97391","2"
"97529","5"
"97532","5"
"98007","2"
"98017","2"
"98113","5"
"98116","4"
"98696","3"
"99706","3"
"99790","4"
"99790","4"
"99790","4"
"99796","4"
"99796","4"
"99796","4"
"99796","4"
"99796","4"
"99796","4"
"99808","4"
"99841","4"
"99841","4"
"99841","4"
"99841","4"
"99841","4"
"99841","4"
"99873","4"
"99873","4"
"99873","4"
"99875","4"
"99875","4"
"99875","4"
"99875","4"
"99876","4"
"99876","4"
"99876","4"
"100346","3"
"100349","3"
"100384","3"
"100385","3"
"101053","2"
"101049","3"
"101059","2"
"101451","4"
"101451","4"
"101451","4"
"101451","4"
"101496","4"
"101496","4"
"101496","4"
"101496","4"
"101496","4"
"101602","4"
"101602","4"
"101602","4"
"101646","4"
"101646","4"
"101646","4"
"101646","4"
"101646","4"
"101762","3"
"101767","3"
"101917","4"
"101934","4"
"102642","4"
"102647","4"
"102648","4"
"102658","4"
"102672","4"
"102676","4"
"102679","4"
"102679","4"
"102679","4"
"102727","4"
"102744","4"
"102754","2"
"102761","4"
"102767","4"
"103023","3"
"103776","2"
"103839","2"
"104083","4"
"104165","4"
"104165","4"
"104170","2"
"104173","3"
"104175","4"
"104180","3"
"104180","3"
"104180","3"
"104646","4"
"104646","4"
"104646","4"
"104649","4"
"104649","4"
"104649","4"
"104679","5"
"104679","5"
"104679","5"
"104679","5"
"104723","3"
"104884","2"
"104884","2"
"104888","2"
"104895","2"
"105244","3"
"105252","4"
"105849","2"
"105912","4"
"105924","4"
"105928","4"
"105972","3"
"106108","5"
"106115","5"
"106451","3"
"106451","3"
"106451","3"
"106451","3"
"106451","3"
"106546","3"
"107133","3"
"107238","4"
"107619","3"
"107620","2"
"107702","3"
"107702","3"
"107797","3"
"107797","3"
"107797","3"
"107971","4"
"107976","3"
"149970","2"
"149971","2"
"150016","4"
"150021","4"
"150023","3"
"150032","4"
"108387","4"
"108446","3"
"108466","4"
"108466","4"
"108558","3"
"109667","4"
"109684","4"
"109702","4"
"109732","4"
"109732","4"
"109739","4"
"109759","5"
"111617","3"
"111741","4"
"112105","4"
"112794","4"
"112794","4"
"112794","4"
"112798","3"
"112798","3"
"112798","3"
"112865","4"
"112863","3"
"112864","3"
"112869","3"
"112869","5"
"112870","3"
"113141","3"
"113265","2"
"113265","2"
"113266","2"
"113266","2"
"113267","2"
"113267","2"
"113149","3"
"113149","3"
"113961","3"
"113961","3"
"113975","3"
"113975","3"
"114424","3"
"114424","3"
"114438","2"
"114438","2"
"114702","4"
"114702","4"
"114702","4"
"114882","4"
"114890","4"
"114894","4"
"114894","4"
"115574","3"
"115619","5"
"115620","5"
"115629","5"
"115869","3"
"116195","4"
"116195","4"
"116199","4"
"116199","4"
"116207","3"
"116207","3"
"116215","4"
"116226","4"
"116234","2"
"116242","4"
"116252","4"
"116252","4"
"116252","4"
"116261","4"
"116264","4"
"116264","4"
"116270","3"
"116406","2"
"116522","3"
"116783","4"
"116963","3"
"116963","3"
"117120","4"
"117121","3"
"117124","3"
"117141","4"
"117176","4"
"117181","4"
"119621","4"
"119621","4"
"119628","4"
"121428","4"
"121428","4"
"121688","4"
"122247","3"
"122255","4"
"122255","4"
"122255","4"
"122255","4"
"122255","4"
"124160","4"
"124161","4"
"124161","4"
"124203","4"
"124211","4"
"125363","3"
"125364","3"
"125976","2"
"125980","2"
"125980","2"
"126068","4"
"126068","4"
"126655","4"
"126693","4"
"126744","3"
"126744","3"
"126855","4"
"126874","4"
"128485","3"
"128502","5"
"128508","3"
"128738","3"
"128886","4"
"128888","4"
"128889","3"
"128889","3"
"130011","4"
"130028","4"
"130042","4"
"130069","4"
"130075","4"
"130077","4"
"130078","4"
"130684","3"
"131896","4"
"131995","3"
"131995","3"
"132083","4"
"132103","3"
"133127","3"
"134003","3"
"134735","4"
"134844","3"
"134844","3"
"136364","3"
"136777","2"
"136778","3"
"137345","4"
"137345","4"
"137522","5"
"137557","4"
"137558","4"
"140169","4"
"140199","3"
"140540","3"
"140540","3"
"140542","3"
"140542","3"
"140542","3"
"140545","3"
"140545","3"
"140547","3"
"140547","3"
"140548","3"
"140548","3"
"140731","4"
"141099","3"
"141296","3"
"141302","3"
"141306","3"
"141311","3"
"141908","5"
"142916","4"
"143410","2"
"143826","4"
"143836","4"
"144823","4"
"145111","5"
"145150","2"
"145156","4"
"145155","2"
"145158","2"
"145157","4"
"145163","4"
"145227","4"
"145626","2"
"145627","3"
"145653","5"
"145653","5"
"148736","2"
"148739","2"
"148742","2"
"148746","4"
"149022","3"
"149060","2"
"149133","3"
"149152","3"
"149154","3"
"149176","3"
"150206","4"
"150206","4"
"150657","3"
"150662","4"
"150662","4"
"150665","3"
"150665","3"
"150668","4"
"150673","4"
"150677","3"
"151240","4"
"151575","4"
"152035","4"
"153089","4"
"153091","4"
"153091","4"
"153100","4"
"153112","4"
"153121","5"
"153127","4"
"153137","4"
"153633","3"
"153631","3"
"153647","3"
"153659","3"
"154586","4"
"154586","4"
"154609","4"
"154659","4"
"154682","4"
"154695","4"
"154802","4"
"169273","3"
"155307","4"
"155307","4"
"155340","4"
"155340","4"
"155357","2"
"155660","4"
"155660","4"
"156222","2"
"156640","4"
"156641","4"
"156774","4"
"156774","4"
"156774","4"
"156781","3"
"156781","3"
"156853","3"
"156936","3"
"156936","3"
"156972","4"
"156974","4"
"156974","4"
"156975","4"
"156975","4"
"156975","4"
"156978","4"
"156978","4"
"156979","4"
"157140","4"
"157440","4"
"157659","2"
"158236","2"
"158236","2"
"158687","3"
"158697","3"
"158731","2"
"158732","2"
"158733","2"
"158733","2"
"158749","4"
"158857","3"
"159043","4"
"159225","5"
"159250","3"
"159251","3"
"159252","3"
"159296","2"
"159298","2"
"159299","2"
"159385","3"
"159419","5"
"159521","5"
"159540","3"
"159545","3"
"159942","4"
"159943","4"
"159944","4"
"160161","4"
"160164","3"
"160165","5"
"160167","4"
"160169","4"
"160179","4"
"160180","4"
"160189","3"
"160190","3"
"160192","4"
"160193","4"
"160197","4"
"160201","3"
"160301","3"
"160941","3"
"161244","2"
"161247","2"
"161253","4"
"161345","3"
"161376","3"
"161392","2"
"161392","2"
"162291","4"
"162292","4"
"162304","4"
"162955","4"
"162973","4"
"162973","4"
"162973","4"
"162974","4"
"162974","4"
"162974","4"
"163237","3"
"164488","4"
"164917","5"
"164918","5"
"164918","5"
"165104","4"
"165121","3"
"165124","4"
"165124","4"
"165125","4"
"165123","4"
"165175","4"
"165175","4"
"165176","4"
"165186","2"
"165224","2"
"165336","3"
"165336","3"
"165339","3"
"169048","4"
"169049","4"
"166180","3"
"166518","2"
"166621","3"
"167210","3"
"167346","4"
"167359","4"
"167369","3"
"167398","3"
"167399","3"
"167401","3"
"167402","3"
"167512","2"
"167513","2"
"167865","3"
"167865","3"
"167865","3"
"167877","3"
"167877","3"
"167877","3"
"167877","3"
"167884","4"
"167884","4"
"167884","4"
"167886","4"
"167886","4"
"167886","4"
"167886","4"
"167887","4"
"167887","4"
"167888","4"
"167928","3"
"167942","4"
"167942","4"
"167942","4"
"167942","4"
"167958","4"
"167961","4"
"167980","4"
"167981","4"
"167981","4"
"167983","4"
"167983","4"
"167991","4"
"167991","4"
"167994","4"
"167994","4"
"168061","4"
"168556","3"
"168557","4"
"168571","4"
"168572","4"
"168578","4"
"168976","2"
"169081","4"
"169229","4"
"169264","4"
"166471","3"
"169626","4"
"169628","4"
"169630","4"
"170053","2"
"170116","3"
"170117","3"
"170118","4"
"170272","3"
"170478","4"
"170509","3"
"170511","5"
"170758","3"
"171241","4"
"171249","4"
"171271","2"
"171271","2"
"171271","2"
"171295","2"
"171565","3"
"171565","3"
"171681","4"
"171683","4"
"171727","3"
"171728","3"
"171865","2"
"171872","2"
"171877","2"
"172062","3"
"172063","5"
"172066","3"
"172066","3"
"172067","3"
"172070","3"
"172385","3"
"172394","3"
"172411","3"
"172411","3"
"172426","2"
"172432","4"
"172566","2"
"172568","2"
"172570","2"
"172666","5"
"172668","3"
"172993","3"
"173000","3"
"173272","3"
"173272","3"
"173364","2"
"173364","2"
"173366","2"
"173366","2"
"173454","3"
"173456","3"
"173466","3"
"173613","5"
"173620","5"
"173640","3"
"173643","2"
"173644","3"
"173654","3"
"174102","3"
"174335","2"
"174341","2"
"174345","2"
"174399","4"
"174405","4"
"174408","4"
"174411","4"
"174851","3"
"174851","3"
"174851","3"
"174856","4"
"174857","4"
"174859","4"
"175010","3"
"175021","3"
"175021","3"
"175247","3"
"175249","4"
"175251","4"
"175254","4"
"175343","3"
"175649","2"
"175997","4"
"176000","4"
"176033","3"
"176034","2"
"176035","2"
"176052","4"
"176352","2"
"176430","3"
"176432","4"
"176442","2"
"176446","2"
"176450","2"
"176476","4"
"176573","4"
"176575","4"
"176586","4"
"176710","3"
"176769","3"
"176770","3"
"176775","4"
"176776","4"
"176784","3"
"176788","4"
"176786","3"
"176796","4"
"176796","4"
"176796","4"
"176796","4"
"176797","4"
"176823","3"
"176823","3"
"177003","4"
"177054","2"
"177073","2"
"177214","4"
"177482","4"
"177484","4"
"177545","4"
"177654","4"
"177657","5"
"177660","4"
"177661","4"
"177705","3"
"177734","2"
"177744","2"
"177744","2"
"177745","2"
"177748","2"
"177909","4"
"177909","4"
"178104","4"
"178105","4"
"178107","4"
"178155","4"
"178156","4"
"178157","4"
"178305","4"
"178480","2"
"178481","2"
"266075","2"
"266081","2"
"266057","4"
"178697","2"
"179065","4"
"179321","3"
"179329","4"
"179330","4"
"179538","3"
"179546","2"
"179548","4"
"179543","4"
"179668","4"
"180097","5"
"180105","3"
"180238","2"
"180309","3"
"180311","3"
"180330","2"
"180330","2"
"180332","2"
"180590","3"
"180638","4"
"180639","4"
"180640","4"
"180896","4"
"180924","2"
"180959","3"
"181138","4"
"181168","2"
"181168","2"
"181234","3"
"181287","4"
"181287","4"
"181287","4"
"181298","4"
"181299","4"
"181578","2"
"181599","2"
"181603","4"
"181697","3"
"181702","4"
"181706","4"
"181707","4"
"181848","4"
"181849","2"
"182401","4"
"182501","4"
"182721","4"
"182723","5"
"182729","4"
"182923","4"
"182868","4"
"182937","4"
"182938","4"
"182960","4"
"182960","4"
"182964","4"
"182965","4"
"182966","4"
"182966","4"
"182976","3"
"182976","3"
"182977","4"
"182977","4"
"182985","3"
"182985","3"
"183037","3"
"183270","3"
"183292","2"
"183316","4"
"183332","4"
"183332","4"
"183333","4"
"183334","4"
"183342","4"
"183351","4"
"183352","4"
"183363","2"
"183368","2"
"183370","2"
"183371","2"
"183432","4"
"183433","4"
"183435","4"
"183441","4"
"183442","4"
"183450","4"
"183455","4"
"183483","2"
"183496","3"
"183549","3"
"183549","3"
"183743","2"
"183744","2"
"183765","2"
"183808","4"
"183826","4"
"183831","4"
"183831","4"
"184022","2"
"184022","2"
"184024","2"
"184024","2"
"184025","2"
"184025","2"
"184035","2"
"184038","2"
"184081","2"
"184250","3"
"184253","3"
"184645","2"
"184805","5"
"184807","2"
"184809","2"
"184812","2"
"184838","4"
"184839","4"
"184845","4"
"184846","4"
"185010","4"
"185011","4"
"185014","4"
"185254","3"
"185261","4"
"185535","3"
"185535","3"
"185580","4"
"185600","4"
"185625","3"
"185852","5"
"185975","4"
"185975","4"
"186142","4"
"186144","4"
"186144","4"
"186145","4"
"186152","3"
"186153","3"
"186156","3"
"186525","2"
"186599","4"
"186662","4"
"186683","4"
"186701","4"
"186766","4"
"186774","4"
"186775","4"
"186855","4"
"186883","4"
"186886","3"
"186935","3"
"186951","4"
"186962","4"
"186969","2"
"187066","3"
"187068","3"
"187068","3"
"187245","3"
"187245","3"
"187372","3"
"187374","3"
"187377","3"
"187378","4"
"187399","3"
"187399","3"
"187405","4"
"187525","4"
"187525","4"
"187580","2"
"187581","2"
"187582","2"
"187818","4"
"187820","4"
"187842","2"
"187969","2"
"188139","4"
"188139","4"
"188152","3"
"188349","3"
"188349","3"
"188384","3"
"188386","4"
"188407","4"
"188408","4"
"188409","4"
"188411","3"
"188456","3"
"188456","3"
"188474","3"
"188500","5"
"188501","4"
"188573","3"
"188574","3"
"188589","2"
"188613","4"
"188614","4"
"188617","4"
"188787","3"
"189056","3"
"189056","3"
"189059","4"
"189176","4"
"189272","3"
"189292","4"
"189297","4"
"189496","3"
"189581","4"
"189589","4"
"189731","2"
"190100","4"
"190221","4"
"190221","4"
"190223","5"
"190272","4"
"190273","4"
"190274","4"
"190360","4"
"190361","4"
"190622","4"
"190622","4"
"190710","3"
"190733","3"
"190735","3"
"190751","4"
"190755","4"
"191013","4"
"191380","4"
"191382","4"
"191385","4"
"191453","4"
"191453","4"
"191554","3"
"191554","3"
"191555","3"
"191555","3"
"191596","4"
"191602","4"
"191603","4"
"191606","4"
"191607","4"
"191610","4"
"191612","4"
"191614","4"
"191874","3"
"191927","3"
"191927","3"
"191970","4"
"191974","4"
"192134","3"
"192138","4"
"192138","4"
"192196","5"
"192866","2"
"193460","4"
"193463","4"
"193464","4"
"193472","4"
"193475","4"
"193478","4"
"193705","2"
"193724","3"
"194002","4"
"194007","4"
"194430","3"
"194430","3"
"194432","3"
"194436","4"
"194443","4"
"194445","4"
"194448","3"
"194448","3"
"194457","3"
"194458","3"
"194464","4"
"194464","4"
"194473","4"
"194473","4"
"194473","4"
"194501","4"
"194501","4"
"194501","4"
"194567","3"
"194569","4"
"194583","4"
"194592","4"
"194592","4"
"194592","4"
"194612","4"
"194602","4"
"194719","4"
"194719","4"
"194826","3"
"194894","4"
"194895","4"
"194910","3"
"194911","3"
"194930","4"
"194932","4"
"194998","3"
"195058","4"
"195067","5"
"195071","5"
"195085","4"
"195204","3"
"195205","3"
"195241","3"
"195313","3"
"195698","2"
"195699","2"
"195717","2"
"195720","2"
"195721","2"
"195740","4"
"195742","2"
"195744","4"
"195746","4"
"195743","2"
"195748","2"
"195749","2"
"195949","4"
"195957","4"
"195957","4"
"195957","4"
"196245","3"
"196290","3"
"196290","3"
"196327","4"
"196532","4"
"196759","4"
"196776","3"
"196776","3"
"196867","3"
"196929","4"
"196933","4"
"196947","3"
"196949","3"
"197109","4"
"197246","4"
"197247","4"
"197386","4"
"197423","4"
"197436","4"
"197454","5"
"197644","2"
"197644","2"
"197646","2"
"197646","2"
"197663","2"
"197669","4"
"197695","4"
"197773","2"
"198106","4"
"198107","3"
"198130","4"
"198131","4"
"198150","4"
"198173","5"
"198197","5"
"198202","5"
"198248","3"
"198248","3"
"198264","4"
"198264","4"
"198301","5"
"198366","4"
"198371","4"
"198396","4"
"198401","4"
"198409","3"
"198411","4"
"198457","4"
"198533","4"
"198583","5"
"198693","3"
"198694","4"
"198751","4"
"199012","4"
"199270","4"
"199274","4"
"199442","2"
"199447","2"
"199448","2"
"199448","2"
"199448","2"
"199543","2"
"199572","2"
"199573","2"
"199573","2"
"199573","2"
"199618","2"
"200040","2"
"200040","2"
"200100","2"
"200236","3"
"200692","4"
"200798","4"
"200800","4"
"200803","4"
"200901","4"
"200940","2"
"201113","4"
"201114","3"
"201115","3"
"201220","4"
"201221","4"
"201253","3"
"201381","2"
"201382","2"
"201383","2"
"201383","2"
"201395","4"
"201483","4"
"201524","4"
"201834","4"
"202182","4"
"202292","2"
"202293","2"
"202516","4"
"202548","4"
"202588","4"
"202792","3"
"202845","4"
"202855","3"
"203307","2"
"203363","2"
"203465","2"
"203468","2"
"203469","2"
"203473","2"
"203486","2"
"203538","2"
"203540","2"
"203541","2"
"203542","2"
"203543","2"
"203544","2"
"203567","3"
"203568","2"
"203568","2"
"203578","2"
"203912","3"
"204551","2"
"204552","2"
"204552","2"
"204553","2"
"204570","4"
"204581","4"
"204676","3"
"204676","3"
"204836","4"
"204849","3"
"204850","3"
"205039","1"
"205163","4"
"205164","4"
"205167","4"
"205612","3"
"205627","3"
"205960","2"
"205969","4"
"205994","2"
"205997","2"
"206001","4"
"206001","4"
"206001","4"
"206001","4"
"206001","4"
"206019","4"
"206021","5"
"206128","4"
"206147","4"
"206148","4"
"206159","4"
"206160","4"
"206161","4"
"206344","4"
"206345","4"
"206345","4"
"206345","4"
"206345","4"
"206354","3"
"206363","4"
"206363","4"
"206367","4"
"206367","4"
"206367","4"
"206367","4"
"206367","4"
"206917","4"
"207146","4"
"207152","4"
"207483","4"
"208785","4"
"208808","3"
"208809","3"
"209033","4"
"209034","4"
"209035","4"
"209035","4"
"209038","4"
"209039","4"
"209040","4"
"209041","4"
"209147","4"
"209152","4"
"209264","4"
"209323","4"
"209323","4"
"209324","4"
"209324","4"
"209337","4"
"209337","4"
"209338","4"
"209509","4"
"209565","3"
"209566","3"
"209575","3"
"209576","3"
"209577","3"
"209955","4"
"209961","4"
"209966","4"
"209742","4"
"209930","4"
"209933","4"
"210061","3"
"210095","4"
"210096","4"
"210098","4"
"210102","3"
"210103","3"
"210105","3"
"210114","2"
"210189","2"
"210193","2"
"210198","4"
"210466","4"
"210472","4"
"210511","4"
"210512","4"
"210513","4"
"210525","4"
"210549","4"
"210660","4"
"210664","3"
"210679","3"
"210684","3"
"210685","3"
"210686","3"
"210687","3"
"210688","3"
"210689","3"
"210681","2"
"210699","3"
"210923","4"
"210925","4"
"210929","4"
"210929","4"
"210956","4"
"210956","4"
"210960","4"
"210960","4"
"210960","4"
"210963","4"
"210966","3"
"210967","3"
"210968","3"
"210985","4"
"211112","3"
"211110","4"
"211129","4"
"211130","4"
"211139","4"
"211143","4"
"211144","4"
"211149","4"
"211145","2"
"211153","4"
"211206","3"
"211673","3"
"211692","2"
"211978","3"
"212098","4"
"212098","4"
"212351","4"
"212555","2"
"287691","3"
"212839","2"
"212878","2"
"213559","4"
"213560","4"
"213593","4"
"214511","2"
"214515","4"
"214516","4"
"214529","4"
"214530","4"
"214531","4"
"214594","4"
"214605","4"
"214701","4"
"214784","2"
"214791","2"
"214803","2"
"214807","2"
"214949","3"
"215050","3"
"215177","4"
"215257","4"
"215267","4"
"215304","4"
"215306","4"
"215306","4"
"215272","4"
"215336","4"
"215487","4"
"215487","4"
"215487","4"
"215498","2"
"215515","3"
"215520","3"
"215560","4"
"215629","5"
"215638","4"
"215642","4"
"215900","4"
"216202","4"
"216204","4"
"216217","4"
"216218","4"
"216231","4"
"216242","4"
"216302","4"
"216318","4"
"216326","4"
"216327","4"
"216329","4"
"216339","3"
"216453","2"
"216602","2"
"216603","2"
"216604","2"
"216707","4"
"216708","4"
"216709","4"
"216712","4"
"216733","4"
"216742","4"
"216754","4"
"216761","4"
"216766","4"
"216772","4"
"216773","4"
"216897","4"
"216897","4"
"217085","4"
"217087","4"
"217088","4"
"217135","4"
"217204","4"
"217280","4"
"217427","3"
"217707","4"
"218240","4"
"218241","4"
"218452","4"
"218546","4"
"218546","4"
"218547","4"
"218547","4"
"218549","4"
"218549","4"
"218617","4"
"218622","4"
"218626","4"
"218631","4"
"218685","4"
"218741","4"
"218742","4"
"218755","4"
"218757","4"
"218768","4"
"218778","4"
"218779","4"
"218793","2"
"218857","4"
"218879","4"
"218914","4"
"218916","4"
"218917","4"
"218918","4"
"218920","4"
"219023","4"
"219033","4"
"219437","4"
"219439","4"
"219670","4"
"219828","3"
"219831","4"
"219847","4"
"219848","4"
"220191","4"
"220261","3"
"220304","4"
"220307","4"
"220311","4"
"220448","4"
"220451","4"
"220455","4"
"220553","4"
"220562","4"
"220566","4"
"220580","3"
"220592","4"
"220796","2"
"220819","3"
"220819","3"
"220819","3"
"220830","3"
"220836","2"
"220851","2"
"220871","2"
"220933","4"
"220935","4"
"221203","4"
"221208","4"
"221213","3"
"221447","3"
"221688","4"
"221812","4"
"221812","4"
"221884","2"
"221888","2"
"221889","2"
"221890","2"
"221939","4"
"222020","4"
"222129","3"
"222302","4"
"222319","5"
"222517","5"
"222572","4"
"222922","3"
"222956","4"
"222993","5"
"223018","2"
"223174","4"
"223275","4"
"223367","3"
"223395","4"
"223397","4"
"223555","2"
"223647","4"
"223958","4"
"224064","3"
"224064","3"
"224188","4"
"224189","4"
"224190","4"
"224191","4"
"224192","4"
"224194","4"
"224195","4"
"224196","4"
"224197","4"
"224200","4"
"224201","4"
"224230","5"
"224246","3"
"224247","3"
"224288","3"
"224288","3"
"224294","3"
"224295","3"
"224298","3"
"224298","3"
"224298","3"
"224308","3"
"224308","3"
"224308","3"
"224308","3"
"224308","3"
"224322","3"
"224322","3"
"224322","3"
"224323","3"
"224323","3"
"224338","4"
"224338","4"
"224339","3"
"224339","3"
"224339","3"
"224345","3"
"224362","2"
"224385","3"
"224385","3"
"252825","2"
"224487","2"
"224489","2"
"224502","3"
"224504","4"
"224585","3"
"224587","3"
"224593","3"
"224597","3"
"224608","3"
"224630","3"
"225015","3"
"225069","4"
"225095","3"
"225107","4"
"225111","4"
"225111","4"
"287587","4"
"225332","4"
"225333","4"
"225432","3"
"225525","4"
"225525","4"
"225552","4"
"225564","4"
"225564","4"
"225564","4"
"225564","4"
"225569","5"
"225569","5"
"225569","5"
"225569","5"
"225625","4"
"225660","4"
"225660","4"
"225660","4"
"225660","4"
"225660","4"
"225660","4"
"225727","4"
"225727","4"
"225839","5"
"225843","4"
"225843","4"
"226005","3"
"226006","3"
"226018","3"
"226033","4"
"226039","3"
"226065","4"
"226069","4"
"226077","4"
"226077","4"
"226077","4"
"226077","4"
"226080","4"
"226081","4"
"226082","4"
"226239","4"
"226265","4"
"226279","4"
"226281","4"
"226311","4"
"226311","4"
"226311","4"
"226313","3"
"226359","4"
"226359","4"
"226359","4"
"226369","4"
"226369","4"
"226369","4"
"226377","4"
"226377","4"
"226377","4"
"226377","4"
"226446","3"
"226450","3"
"226451","3"
"226452","3"
"226453","3"
"226462","3"
"226463","3"
"226481","4"
"226481","4"
"226494","3"
"226494","3"
"226500","3"
"226502","4"
"226502","4"
"226502","4"
"226502","4"
"226502","4"
"226548","3"
"226689","4"
"226690","4"
"226880","4"
"226890","4"
"226927","2"
"226928","2"
"226929","2"
"226947","4"
"226948","4"
"226966","4"
"226971","3"
"226976","4"
"227124","4"
"227252","3"
"227346","2"
"227388","3"
"227501","4"
"227510","3"
"227521","4"
"227567","4"
"227579","4"
"227606","4"
"227648","4"
"227649","4"
"227650","4"
"227651","4"
"227656","4"
"227657","4"
"227672","4"
"227682","4"
"227687","4"
"227688","4"
"227693","4"
"227699","4"
"227764","3"
"227957","4"
"228045","4"
"228046","4"
"228049","4"
"228050","4"
"228051","4"
"228053","4"
"228088","5"
"228091","5"
"228155","2"
"228156","2"
"228157","2"
"228158","2"
"228161","2"
"228162","2"
"228166","4"
"228167","4"
"228168","4"
"228173","4"
"228176","5"
"228230","3"
"228364","2"
"228460","3"
"228561","2"
"228562","2"
"228562","2"
"228563","2"
"228564","2"
"228564","2"
"228567","2"
"228568","2"
"228568","2"
"228604","2"
"228605","2"
"228606","2"
"228607","2"
"228675","4"
"228692","4"
"228856","4"
"228857","4"
"228858","4"
"228900","4"
"228914","4"
"228970","4"
"228986","4"
"229058","4"
"229064","4"
"229072","4"
"229241","4"
"229263","2"
"229405","4"
"229453","4"
"229496","4"
"229500","4"
"229539","4"
"229635","4"
"229643","4"
"229652","4"
"229655","4"
"229726","4"
"229727","3"
"229730","4"
"229733","4"
"229734","4"
"229738","3"
"229823","4"
"229846","4"
"229860","4"
"229871","4"
"229896","4"
"229899","4"
"229953","4"
"229974","4"
"230004","4"
"230009","3"
"230026","4"
"230027","4"
"230220","2"
"230231","2"
"230232","2"
"230295","4"
"230300","4"
"230308","4"
"230309","4"
"230457","3"
"230458","3"
"230465","2"
"230469","2"
"230470","2"
"230545","4"
"230548","4"
"230553","3"
"230566","3"
"230634","2"
"230643","2"
"230682","3"
"230685","3"
"230686","3"
"230698","3"
"230734","4"
"230739","4"
"230974","4"
"230975","4"
"230977","3"
"231001","3"
"231219","4"
"231223","4"
"231224","4"
"231225","4"
"231233","4"
"231238","4"
"231242","4"
"231243","4"
"231262","4"
"231263","4"
"231268","4"
"231335","4"
"231338","4"
"231339","4"
"231344","4"
"231345","4"
"231359","4"
"231691","3"
"231704","3"
"231719","4"
"231722","4"
"231735","4"
"231739","3"
"231744","3"
"231747","3"
"231852","4"
"287546","3"
"287547","3"
"232203","2"
"232225","4"
"232227","4"
"232228","4"
"232234","4"
"232480","4"
"232481","4"
"232542","4"
"232543","4"
"232544","4"
"232549","4"
"232558","5"
"232564","3"
"232553","4"
"232579","4"
"232728","3"
"232736","3"
"232778","3"
"232802","3"
"232803","4"
"232807","4"
"232808","4"
"232818","3"
"232849","2"
"232874","2"
"232875","4"
"232876","2"
"232877","2"
"232880","4"
"232893","4"
"232899","4"
"232905","4"
"232964","4"
"232984","4"
"232986","4"
"232987","4"
"233006","4"
"233084","4"
"233084","4"
"233159","4"
"233159","4"
"233159","4"
"233159","4"
"233159","4"
"233159","4"
"233168","4"
"233168","4"
"233192","4"
"233192","4"
"233192","4"
"233192","4"
"233192","4"
"233261","3"
"233268","3"
"233274","3"
"233386","4"
"233407","4"
"233408","4"
"233409","4"
"233437","4"
"233444","3"
"233455","3"
"233456","3"
"233482","4"
"233727","3"
"233729","3"
"233788","2"
"233863","4"
"233867","4"
"233903","5"
"234089","3"
"234092","3"
"234131","2"
"234339","2"
"234340","2"
"234362","2"
"234443","2"
"234443","2"
"234444","3"
"234467","4"
"234474","4"
"234478","4"
"234511","4"
"234538","2"
"234615","4"
"234732","4"
"234733","4"
"234822","2"
"234879","2"
"234904","2"
"235035","4"
"235036","4"
"235037","4"
"235038","4"
"235038","4"
"235039","4"
"235039","4"
"235073","4"
"235076","4"
"235077","4"
"235142","3"
"235196","4"
"235212","4"
"235212","4"
"235396","4"
"235439","4"
"235635","3"
"235635","3"
"235635","3"
"235746","4"
"235753","2"
"235757","2"
"235758","2"
"235759","2"
"235927","3"
"235928","4"
"235928","4"
"236086","3"
"236126","3"
"236127","3"
"236308","4"
"236309","4"
"236329","4"
"236334","4"
"236335","4"
"236338","4"
"236349","4"
"236372","4"
"236431","4"
"236463","4"
"236477","4"
"236479","4"
"236646","3"
"236711","2"
"236759","4"
"236759","4"
"236846","4"
"236865","4"
"236892","4"
"236908","2"
"236981","2"
"237022","2"
"237026","2"
"237026","2"
"237027","2"
"237028","2"
"237028","2"
"237029","2"
"237033","2"
"237138","3"
"237139","3"
"237140","3"
"237153","4"
"237154","4"
"237157","4"
"237173","4"
"237174","4"
"237196","3"
"237197","3"
"237293","4"
"237332","3"
"237334","3"
"237442","4"
"237442","4"
"237457","3"
"237491","2"
"237492","2"
"237493","2"
"237521","2"
"237606","3"
"237632","2"
"237633","2"
"237634","2"
"237637","2"
"237638","2"
"237639","2"
"237640","2"
"237641","2"
"237746","2"
"237747","2"
"237819","2"
"237820","2"
"237831","4"
"237891","3"
"237892","3"
"237897","2"
"237899","2"
"237900","2"
"237907","2"
"237916","3"
"237936","3"
"237939","3"
"237995","4"
"237996","4"
"238078","3"
"238105","3"
"238152","2"
"238287","2"
"238290","2"
"238291","2"
"238292","2"
"238293","2"
"238294","2"
"238522","3"
"238572","4"
"238700","3"
"238701","4"
"238701","4"
"238702","4"
"238703","4"
"238770","4"
"238827","3"
"238848","3"
"238855","3"
"238855","3"
"238902","3"
"238902","3"
"238937","4"
"238938","4"
"238940","4"
"238942","4"
"238963","4"
"238967","4"
"238970","4"
"238996","4"
"238996","4"
"239017","4"
"239018","4"
"239019","4"
"239022","4"
"239031","4"
"239033","4"
"239037","3"
"239057","4"
"239063","4"
"239064","4"
"239066","4"
"239067","4"
"239069","4"
"239071","3"
"239073","4"
"239075","4"
"239094","4"
"239213","4"
"239215","4"
"239216","4"
"239217","4"
"239218","4"
"239219","4"
"239220","4"
"239222","4"
"239230","4"
"239231","4"
"239301","4"
"239312","3"
"239359","4"
"239428","4"
"239432","4"
"239480","4"
"239940","3"
"240029","4"
"240029","4"
"240029","4"
"240075","5"
"240076","5"
"240079","3"
"240082","3"
"240094","3"
"240098","3"
"240118","4"
"240240","4"
"240242","3"
"240244","3"
"240296","2"
"240304","3"
"240654","4"
"240656","4"
"241105","3"
"241131","3"
"241284","4"
"241632","2"
"241695","5"
"241733","4"
"241762","4"
"241763","4"
"241846","3"
"241980","3"
"242085","3"
"242119","2"
"242746","3"
"242828","4"
"242845","3"
"242885","3"
"242888","3"
"242977","4"
"242978","4"
"242983","4"
"242984","4"
"242985","4"
"243480","4"
"243482","4"
"243891","4"
"243894","4"
"243895","4"
"243897","4"
"243898","3"
"243899","4"
"243901","4"
"243948","4"
"243953","3"
"244099","2"
"244101","2"
"244102","2"
"244168","4"
"244491","4"
"244492","4"
"244495","4"
"244496","4"
"244679","3"
"244680","3"
"244682","3"
"244683","3"
"244684","3"
"244835","3"
"244862","3"
"244863","3"
"244865","3"
"244876","5"
"244896","5"
"244960","3"
"245003","4"
"245021","3"
"245264","3"
"245266","3"
"245415","2"
"245457","4"
"245463","4"
"245497","4"
"245506","4"
"245509","5"
"245511","4"
"245514","4"
"245515","4"
"245516","4"
"245517","4"
"245518","4"
"245519","4"
"245521","4"
"245860","4"
"245864","4"
"246058","4"
"246061","4"
"246066","3"
"246066","3"
"246195","2"
"246196","2"
"246196","2"
"246196","2"
"246197","2"
"246355","4"
"246356","4"
"246357","4"
"246358","4"
"246366","4"
"246387","3"
"246513","4"
"246514","4"
"246519","4"
"246521","4"
"246586","4"
"246595","4"
"246601","4"
"246602","4"
"246602","4"
"246725","4"
"246726","4"
"246728","4"
"246770","4"
"246878","3"
"246880","3"
"246881","3"
"246882","3"
"246916","4"
"246918","4"
"246919","4"
"246956","3"
"247021","4"
"247026","4"
"247027","4"
"247031","4"
"247031","4"
"247187","4"
"247188","4"
"247189","4"
"247191","4"
"247635","4"
"247651","4"
"247676","4"
"247708","4"
"247714","4"
"247727","3"
"247881","4"
"247939","4"
"247939","4"
"247956","2"
"247974","2"
"248118","4"
"248123","4"
"248128","4"
"248130","4"
"248135","4"
"248136","2"
"248138","2"
"248140","2"
"248141","2"
"248159","4"
"248161","4"
"248180","4"
"248251","3"
"248297","4"
"248381","4"
"248440","4"
"248717","3"
"248722","3"
"248761","2"
"248780","3"
"248941","4"
"248978","4"
"249108","3"
"249346","3"
"249346","3"
"249354","4"
"249402","3"
"249548","4"
"249789","2"
"249790","2"
"249862","3"
"249865","3"
"249944","4"
"249949","4"
"249949","4"
"249949","4"
"250014","4"
"250064","4"
"250110","4"
"250147","4"
"250147","4"
"250253","4"
"250254","4"
"250257","4"
"250258","4"
"250496","2"
"250531","4"
"250532","4"
"250533","4"
"250536","4"
"250559","3"
"250573","4"
"250574","3"
"250770","3"
"250770","3"
"250783","4"
"250890","3"
"250890","3"
"251027","2"
"251060","2"
"251281","4"
"251295","4"
"251299","4"
"251302","4"
"251303","4"
"251322","4"
"251521","2"
"251524","2"
"251530","2"
"251531","2"
"251536","4"
"251537","2"
"251538","2"
"251569","3"
"251569","3"
"251569","3"
"251572","4"
"251572","4"
"251572","4"
"251572","4"
"251596","2"
"251624","2"
"251635","4"
"251660","2"
"251662","2"
"251663","2"
"251680","4"
"251680","4"
"251681","4"
"251685","4"
"251685","4"
"251696","5"
"251697","4"
"251697","4"
"251796","4"
"251796","4"
"251819","2"
"251821","2"
"251822","2"
"252054","2"
"252057","2"
"252059","2"
"252270","3"
"252338","4"
"252381","3"
"252429","4"
"252430","4"
"252511","3"
"252511","3"
"252511","3"
"252528","3"
"252644","2"
"252676","3"
"252684","4"
"252690","2"
"252693","3"
"252693","3"
"252890","4"
"252959","2"
"252985","4"
"253015","4"
"253031","4"
"253036","4"
"253062","4"
"253105","2"
"253139","2"
"253140","2"
"253158","2"
"253161","2"
"253168","3"
"253200","2"
"253255","3"
"253277","2"
"253361","3"
"253364","3"
"253384","3"
"253387","3"
"253407","3"
"253431","3"
"253509","4"
"253509","4"
"253510","4"
"253510","4"
"253510","4"
"253511","5"
"253511","5"
"253511","5"
"253511","5"
"253511","5"
"253637","4"
"253643","3"
"253661","3"
"254269","2"
"254306","4"
"254306","4"
"254306","4"
"254306","4"
"254409","2"
"254411","2"
"254432","3"
"254521","2"
"254534","3"
"254574","3"
"254587","2"
"254641","2"
"254650","2"
"254651","2"
"254658","2"
"254692","4"
"254692","4"
"254697","4"
"254697","4"
"254697","4"
"254697","4"
"254697","4"
"254759","3"
"254759","3"
"254928","3"
"255237","4"
"255262","3"
"255264","3"
"255268","4"
"255270","3"
"255305","4"
"255325","5"
"255326","4"
"255340","2"
"255347","2"
"255347","2"
"255348","2"
"255348","2"
"255391","2"
"255410","2"
"255411","2"
"255426","4"
"255441","5"
"255442","3"
"255465","4"
"255466","4"
"255500","3"
"255502","3"
"255576","2"
"255577","2"
"255650","4"
"255651","4"
"255708","4"
"255746","4"
"255925","4"
"255933","2"
"255944","4"
"255967","4"
"255973","4"
"256079","2"
"256080","2"
"256081","2"
"256082","2"
"256114","3"
"256120","3"
"256136","4"
"256137","4"
"256148","2"
"256232","3"
"256252","4"
"256253","4"
"256253","4"
"256253","4"
"256256","4"
"256256","4"
"256256","4"
"256322","2"
"256323","2"
"256329","2"
"256330","2"
"256336","2"
"256337","2"
"256338","2"
"256339","2"
"256347","2"
"256349","2"
"256350","2"
"256352","2"
"256353","2"
"256355","2"
"256411","2"
"256434","4"
"256451","4"
"256724","2"
"256735","2"
"256747","2"
"256751","2"
"256784","4"
"256810","3"
"256904","2"
"256907","2"
"256908","2"
"256994","4"
"257004","4"
"257029","3"
"257029","3"
"257029","3"
"257219","3"
"257219","3"
"257237","3"
"257313","4"
"257385","4"
"257394","3"
"257498","3"
"257499","4"
"257517","4"
"257539","3"
"257541","2"
"257544","2"
"257545","2"
"257547","4"
"257551","4"
"257561","3"
"257566","2"
"257584","2"
"257607","2"
"257920","4"
"257956","4"
"258038","3"
"258056","3"
"258056","3"
"258056","3"
"258065","4"
"258065","4"
"258147","4"
"258148","3"
"258148","3"
"258148","3"
"258148","3"
"258155","3"
"258155","3"
"258155","3"
"258155","3"
"258161","3"
"258165","4"
"258165","4"
"258165","4"
"258165","4"
"258179","3"
"258179","3"
"258179","3"
"258179","3"
"258235","4"
"258235","4"
"258235","4"
"258235","4"
"258262","5"
"258371","4"
"258390","4"
"258387","4"
"258392","4"
"258393","4"
"258398","4"
"258558","5"
"258558","5"
"258574","4"
"258574","4"
"258574","4"
"258575","4"
"258575","4"
"258575","4"
"258576","4"
"258576","4"
"258585","4"
"258585","4"
"258585","4"
"258590","4"
"258590","4"
"258590","4"
"258590","4"
"258591","4"
"258597","5"
"258597","5"
"258597","5"
"258602","4"
"258602","4"
"258610","4"
"258610","4"
"258610","4"
"258613","4"
"258613","4"
"258622","3"
"258949","4"
"259103","3"
"259103","3"
"259143","3"
"259232","3"
"259232","3"
"259232","3"
"259238","4"
"259238","4"
"259238","4"
"259238","4"
"259238","4"
"259238","4"
"259240","4"
"259240","4"
"259240","4"
"259241","3"
"259241","3"
"259250","4"
"259258","4"
"259258","4"
"259258","4"
"259258","4"
"259258","4"
"259286","2"
"259286","2"
"259287","2"
"259287","2"
"259288","2"
"259479","4"
"259479","4"
"259487","4"
"259603","3"
"259767","3"
"259839","3"
"259839","3"
"259839","3"
"259840","4"
"259862","4"
"259895","3"
"259901","3"
"259905","3"
"259966","4"
"259967","4"
"259967","4"
"259972","3"
"259972","3"
"259976","4"
"259976","4"
"259976","4"
"259977","4"
"259977","4"
"259977","4"
"259977","4"
"260001","4"
"260001","4"
"260001","4"
"260001","4"
"260019","3"
"260019","3"
"260020","3"
"260020","3"
"260021","3"
"260021","3"
"260022","3"
"260104","4"
"260104","4"
"260104","4"
"260104","4"
"260120","4"
"260130","4"
"260130","4"
"260147","4"
"260147","4"
"260186","4"
"260186","4"
"260186","4"
"260190","4"
"260190","4"
"260219","4"
"260219","4"
"260253","4"
"260253","4"
"260259","4"
"260424","4"
"260433","4"
"260466","4"
"260598","2"
"260600","2"
"260603","2"
"260748","3"
"260943","4"
"260952","4"
"261135","4"
"261135","4"
"261241","4"
"261250","3"
"261250","3"
"261250","3"
"261250","3"
"261315","2"
"261344","4"
"261350","2"
"261394","3"
"261405","4"
"261425","4"
"261429","4"
"261429","4"
"261429","4"
"261429","4"
"261433","3"
"261433","3"
"261469","3"
"261512","4"
"261512","4"
"261556","2"
"261556","2"
"261599","4"
"261602","4"
"261604","3"
"261612","4"
"261612","4"
"261612","4"
"261676","3"
"261718","2"
"261718","2"
"261737","3"
"261828","4"
"261888","4"
"261893","4"
"261914","4"
"261926","4"
"261919","3"
"261919","3"
"261919","3"
"261931","2"
"261938","3"
"262018","4"
"262032","4"
"262089","4"
"262215","5"
"262246","2"
"262246","2"
"262259","2"
"262280","4"
"262314","4"
"262340","4"
"262359","4"
"262363","4"
"262423","3"
"262451","4"
"262466","2"
"262466","2"
"262466","2"
"262484","2"
"262486","2"
"262575","3"
"262597","3"
"262662","4"
"262686","4"
"262686","4"
"262706","3"
"262801","3"
"262826","3"
"262868","3"
"262987","3"
"263040","3"
"263045","4"
"263127","3"
"263127","3"
"263137","3"
"263304","2"
"263558","3"
"263558","3"
"263624","2"
"263820","4"
"263827","4"
"264154","2"
"264167","4"
"264171","4"
"264174","2"
"264176","2"
"264183","2"
"264187","2"
"264189","2"
"264190","2"
"264191","2"
"264193","2"
"264194","2"
"264195","3"
"264197","2"
"264206","3"
"264207","3"
"264319","3"
"264365","4"
"264544","4"
"264754","3"
"264754","3"
"264793","4"
"264805","2"
"264890","3"
"264912","4"
"264990","5"
"264994","2"
"264995","2"
"265009","3"
"265016","4"
"265017","4"
"265049","3"
"265049","3"
"265069","3"
"265080","4"
"265081","4"
"265091","4"
"265091","4"
"265363","4"
"265363","4"
"265384","3"
"265397","4"
"265397","4"
"265397","4"
"265407","4"
"265435","4"
"265435","4"
"265447","4"
"265451","4"
"265455","4"
"265456","4"
"265459","4"
"265459","4"
"265461","4"
"265461","4"
"265462","4"
"265462","4"
"265470","4"
"265478","3"
"265631","3"
"265641","4"
"265643","3"
"265644","3"
"265655","3"
"265656","3"
"265675","4"
"265678","3"
"265688","4"
"265696","4"
"265698","3"
"265729","3"
"265729","3"
"265738","3"
"265742","3"
"265743","2"
"265744","3"
"265745","3"
"265747","2"
"265750","3"
"265751","2"
"265753","4"
"265768","2"
"265775","2"
"265777","2"
"265778","2"
"265791","4"
"265827","4"
"265828","4"
"265875","4"
"266330","2"
"266332","2"
"266333","2"
"266334","2"
"266335","2"
"266336","2"
"266337","2"
"266340","2"
"266341","2"
"266342","2"
"266343","2"
"266344","2"
"266345","2"
"266346","2"
"266353","2"
"266356","2"
"266357","2"
"266366","2"
"266367","2"
"266368","2"
"266531","3"
"266663","4"
"266897","4"
"266956","2"
"266970","4"
"266974","4"
"267139","4"
"267141","4"
"267197","5"
"267240","4"
"267360","4"
"267385","4"
"267441","4"
"267463","3"
"267469","4"
"267471","3"
"267581","4"
"267727","3"
"267754","3"
"267762","3"
"267780","3"
"267781","3"
"267990","5"
"268236","2"
"268327","2"
"268366","4"
"268385","5"
"268398","3"
"268399","2"
"268402","2"
"268419","2"
"268421","2"
"268491","2"
"268491","2"
"268518","2"
"268583","2"
"268646","2"
"268641","2"
"268652","2"
"268670","2"
"268673","4"
"268698","2"
"268786","2"
"268796","4"
"268798","2"
"268799","2"
"268797","3"
"268800","2"
"268820","4"
"268833","3"
"268926","3"
"268926","3"
"269003","4"
"269004","3"
"269012","4"
"269013","4"
"269020","4"
"269022","4"
"269035","2"
"269055","4"
"269088","3"
"269100","4"
"269181","4"
"269252","4"
"269269","2"
"269322","5"
"269372","2"
"269381","2"
"269385","2"
"269386","2"
"269387","2"
"269388","2"
"269389","2"
"269391","2"
"269487","4"
"269629","3"
"269705","4"
"269903","4"
"269905","2"
"269906","4"
"269908","2"
"269909","2"
"269914","2"
"269921","2"
"269941","4"
"269946","2"
"269953","2"
"270021","4"
"270023","4"
"270024","4"
"270028","4"
"270029","4"
"270037","4"
"270056","4"
"270059","4"
"270061","4"
"270075","4"
"270115","2"
"270119","4"
"270128","4"
"270164","4"
"270165","4"
"270216","4"
"270223","4"
"270236","2"
"270236","2"
"270251","4"
"270319","4"
"270320","4"
"270322","1"
"270323","1"
"270331","4"
"270335","4"
"270342","4"
"270346","4"
"270548","3"
"270559","3"
"270625","3"
"270629","3"
"270711","2"
"270743","2"
"270745","2"
"270754","4"
"270755","4"
"270765","4"
"270780","4"
"270784","4"
"270813","4"
"270821","2"
"270823","2"
"270835","4"
"270842","4"
"270894","4"
"271049","3"
"271159","3"
"271189","3"
"271227","3"
"271260","2"
"271302","4"
"271365","3"
"271394","3"
"271400","3"
"271500","2"
"271508","4"
"271511","2"
"271564","4"
"271566","4"
"271588","4"
"271591","4"
"271665","4"
"271739","3"
"271825","3"
"271849","3"
"271902","2"
"271913","2"
"271915","2"
"271916","2"
"272017","4"
"272062","4"
"272226","3"
"272249","3"
"272255","3"
"272256","3"
"272301","4"
"272301","4"
"272368","4"
"272368","4"
"272424","3"
"272445","3"
"272500","3"
"272512","4"
"272523","4"
"272546","3"
"272547","3"
"272547","3"
"272547","3"
"272567","4"
"272609","3"
"272620","4"
"272719","2"
"272729","4"
"272729","4"
"272738","4"
"272754","4"
"272779","4"
"272819","4"
"272820","4"
"272870","3"
"272891","4"
"272919","3"
"272919","3"
"272919","3"
"272937","4"
"272973","4"
"272976","3"
"272988","4"
"273015","4"
"273074","4"
"273075","3"
"273078","3"
"273078","3"
"273078","3"
"273078","3"
"273095","2"
"273097","2"
"273117","3"
"273118","4"
"273199","4"
"273201","4"
"273208","4"
"273301","4"
"273302","3"
"273351","2"
"273356","2"
"273357","2"
"273359","2"
"273360","2"
"273361","2"
"273362","2"
"273363","2"
"273367","3"
"273376","4"
"273384","4"
"273385","4"
"273399","4"
"273401","4"
"273410","4"
"273453","4"
"273454","4"
"273455","4"
"273472","4"
"273482","2"
"273482","2"
"273505","3"
"273522","2"
"273524","2"
"273541","2"
"273557","5"
"273574","4"
"273624","4"
"273758","3"
"273819","3"
"273889","4"
"273891","4"
"273892","4"
"273901","4"
"273903","4"
"273932","4"
"273935","4"
"273961","4"
"273963","4"
"273964","4"
"273965","4"
"273976","4"
"273999","4"
"274010","3"
"274034","4"
"274040","2"
"274112","5"
"274144","4"
"274145","4"
"274150","4"
"274150","4"
"274257","4"
"274258","4"
"274317","2"
"274374","2"
"274374","2"
"274392","3"
"274422","4"
"274431","4"
"274434","4"
"274475","3"
"274484","4"
"274531","4"
"274585","2"
"274590","2"
"274592","2"
"274593","2"
"274597","4"
"274605","4"
"274734","4"
"274744","4"
"274745","4"
"274747","4"
"274978","2"
"274980","2"
"274982","2"
"275016","4"
"275022","2"
"275033","3"
"275051","4"
"275055","3"
"275059","3"
"275089","4"
"275091","4"
"275094","4"
"275101","3"
"275115","3"
"275116","4"
"275122","4"
"275139","2"
"275143","3"
"275145","3"
"275188","4"
"275255","4"
"275256","4"
"275259","4"
"275292","3"
"275392","3"
"275395","3"
"275589","4"
"275686","4"
"275688","3"
"275697","4"
"275700","4"
"275701","4"
"275719","3"
"275728","4"
"275755","3"
"275765","4"
"275766","4"
"275806","2"
"275808","3"
"275814","3"
"275819","4"
"275862","3"
"275922","4"
"275927","4"
"275936","4"
"276099","3"
"276101","3"
"276253","3"
"276435","4"
"276536","4"
"276804","4"
"276904","4"
"276952","4"
"276957","3"
"276958","3"
"276978","4"
"276980","4"
"277112","4"
"277126","2"
"277151","2"
"277152","2"
"277153","3"
"277154","3"
"277191","3"
"277196","4"
"277219","4"
"277225","2"
"277226","2"
"277227","2"
"277230","5"
"277233","2"
"277278","4"
"277278","4"
"277298","2"
"277299","2"
"277300","2"
"277301","2"
"277302","2"
"277303","2"
"277304","2"
"277305","2"
"277306","2"
"277307","2"
"277338","3"
"277364","2"
"277365","2"
"277366","5"
"277367","2"
"277368","2"
"277443","5"
"277449","3"
"277456","4"
"277533","4"
"277536","3"
"277632","3"
"277650","4"
"277651","4"
"277666","4"
"277683","4"
"277696","3"
"277725","3"
"277824","3"
"277827","3"
"278115","3"
"278116","3"
"278277","2"
"278282","2"
"278310","2"
"278328","4"
"278331","4"
"278384","4"
"278445","3"
"278446","4"
"278523","4"
"278780","4"
"278820","4"
"278821","4"
"278834","4"
"278852","2"
"278858","4"
"278866","2"
"278866","2"
"278866","2"
"278879","2"
"278879","2"
"278879","2"
"278883","3"
"278884","3"
"278907","2"
"278907","2"
"278914","2"
"278914","2"
"278916","2"
"278921","4"
"278922","2"
"278923","2"
"278924","2"
"278924","2"
"278925","2"
"278926","2"
"278943","4"
"278952","3"
"278972","3"
"278986","3"
"279015","4"
"279016","3"
"279030","4"
"279063","4"
"279088","4"
"279222","3"
"279238","5"
"279239","5"
"279240","5"
"279241","5"
"279242","5"
"279243","5"
"279244","5"
"279245","5"
"279246","5"
"279247","5"
"279248","5"
"279249","5"
"279250","5"
"279251","5"
"279252","5"
"279253","5"
"279254","5"
"279255","5"
"279256","5"
"279257","5"
"279258","5"
"279259","5"
"279260","5"
"279261","5"
"279262","5"
"279263","5"
"279284","3"
"279305","4"
"279313","4"
"279313","4"
"279314","3"
"279338","2"
"279339","2"
"279340","2"
"279476","2"
"279478","2"
"279628","3"
"279712","4"
"279741","3"
"279774","3"
"279804","3"
"279806","4"
"279833","4"
"279931","4"
"280006","4"
"280008","4"
"280009","3"
"280082","4"
"280083","4"
"280121","4"
"280231","4"
"280263","4"
"280410","3"
"280526","4"
"280554","4"
"280601","4"
"280603","4"
"280610","2"
"280610","2"
"280613","2"
"280625","2"
"280635","3"
"280643","2"
"280647","2"
"280650","2"
"280655","2"
"280656","4"
"280665","4"
"280735","4"
"280740","4"
"280745","4"
"280748","4"
"280752","4"
"280851","3"
"280995","4"
"281041","2"
"281042","3"
"281044","3"
"281183","4"
"281211","4"
"281301","4"
"281304","4"
"281317","2"
"281319","4"
"281320","4"
"281322","2"
"281324","3"
"281383","3"
"281384","4"
"281432","4"
"281433","3"
"281446","4"
"281480","3"
"281481","3"
"281484","4"
"281522","4"
"281525","4"
"281532","2"
"281538","2"
"281538","2"
"281543","3"
"281560","3"
"281560","3"
"281562","5"
"281587","3"
"281587","3"
"281588","2"
"281588","2"
"281588","2"
"281594","3"
"281595","2"
"281615","2"
"281655","2"
"281659","4"
"281661","3"
"281698","2"
"281698","2"
"281699","4"
"281699","4"
"281711","4"
"281713","4"
"281715","4"
"281718","5"
"281756","3"
"281805","4"
"281806","4"
"281932","4"
"281933","4"
"281934","4"
"282280","4"
"282290","4"
"282346","3"
"282387","3"
"282388","3"
"282423","3"
"282424","3"
"282544","4"
"282546","4"
"282547","3"
"282573","3"
"282673","4"
"282676","2"
"282688","4"
"282782","3"
"282840","4"
"282886","4"
"282899","2"
"282901","2"
"282902","2"
"282903","2"
"282911","3"
"282914","2"
"282918","2"
"282939","5"
"282942","4"
"283028","3"
"283035","4"
"283136","3"
"283162","4"
"283165","3"
"283166","3"
"283271","2"
"283301","4"
"283355","3"
"283415","2"
"283418","2"
"283419","2"
"283455","4"
"283472","2"
"283473","2"
"283513","3"
"283529","4"
"283996","2"
"283999","2"
"284048","3"
"284239","4"
"284298","3"
"284301","4"
"284323","3"
"284325","3"
"284329","3"
"284330","3"
"284331","3"
"284335","3"
"284384","2"
"284387","4"
"284387","4"
"284387","4"
"284389","2"
"284395","3"
"284411","4"
"284416","4"
"284425","4"
"284447","4"
"284477","3"
"284479","4"
"284479","4"
"284487","5"
"284548","3"
"284549","3"
"284550","4"
"284551","4"
"284554","5"
"284611","3"
"284625","3"
"284812","2"
"284814","2"
"284925","3"
"285054","3"
"285077","4"
"285089","4"
"285089","4"
"285089","4"
"285117","4"
"285135","5"
"285152","3"
"285155","3"
"285156","3"
"285194","5"
"285202","4"
"285206","3"
"285214","3"
"285214","3"
"285264","5"
"285267","4"
"285274","2"
"285275","2"
"285276","2"
"285276","2"
"285277","2"
"285277","2"
"285278","2"
"285314","4"
"285328","4"
"285337","4"
"285381","3"
"285449","3"
"285468","3"
"285595","2"
"285639","4"
"285640","4"
"285666","3"
"285678","4"
"285680","4"
"285693","4"
"285700","4"
"285708","2"
"285709","4"
"285712","4"
"285715","4"
"285721","3"
"285758","3"
"285760","4"
"285766","4"
"285769","4"
"285776","4"
"285779","4"
"285801","4"
"285825","4"
"285828","4"
"285878","4"
"285879","4"
"285879","4"
"285881","5"
"285884","4"
"285885","4"
"285889","4"
"285890","4"
"285891","5"
"285894","5"
"286017","4"
"286019","3"
"286081","2"
"286188","3"
"286225","4"
"286369","5"
"286458","4"
"286504","3"
"286512","4"
"286513","4"
"286515","4"
"286651","4"
"286659","4"
"286661","4"
"286664","4"
"286705","4"
"286706","4"
"286707","4"
"286708","4"
"286709","4"
"286724","2"
"286762","3"
"286814","4"
"286863","4"
"286864","2"
"286865","2"
"286866","2"
"286868","2"
"286869","4"
"286927","3"
"286974","4"
"287013","4"
"287044","4"
"287046","4"
"287055","2"
"287056","2"
"287059","2"
"287131","5"
"287132","5"
"287199","4"
"287210","2"
"287219","2"
"287219","2"
"287231","3"
"287231","3"
"287237","2"
"287238","5"
"287239","3"
"287263","4"
"287263","4"
"287263","4"
"287274","2"
"287274","2"
"287281","2"
"287281","2"
"287284","3"
"287303","2"
"287306","5"
"287313","4"
"287334","4"
"287333","2"
"287337","2"
"287337","2"
"287777","3"
"287829","2"
"287872","2"
"287874","2"
"287874","2"
"287877","3"
"287880","2"
"287881","2"
"287935","3"
"287936","3"
"287937","3"
"287939","3"
"288087","4"
"288116","2"
"288120","2"
"288247","2"
"288287","4"
"288319","4"
"288321","4"
"288341","4"
"288360","4"
"288406","3"
"288423","2"
"288425","2"
"288432","4"
"288436","4"
"288437","4"
"288439","4"
"288451","4"
"288452","4"
"288461","4"
"288463","3"
"288482","2"
"288488","4"
"288493","4"
"288516","2"
"288517","2"
"288518","2"
"288519","2"
"288521","2"
"288522","2"
"288523","2"
"288550","5"
"288551","4"
"288558","4"
"288615","5"
"288726","2"
"288775","5"
"288786","2"
"288790","2"
"288833","4"
"288836","4"
"288837","4"
"288838","4"
"288839","4"
"288840","4"
"288894","4"
"288932","4"
"288946","2"
"288956","4"
"288972","3"
"289000","4"
"289011","4"
"289070","2"
"289073","2"
"289074","2"
"289082","4"
"289108","4"
"289125","4"
"289246","4"
"289270","4"
"289318","2"
"289337","2"
"289338","2"
"289342","2"
"289343","2"
"289344","2"
"289347","2"
"289354","3"
"289419","3"
"289426","2"
"289504","4"
"289512","4"
"289514","3"
"289545","4"
"289548","4"
"289549","4"
"289551","4"
"289571","4"
"289588","4"
"289603","2"
"289674","4"
"289675","4"
"289683","4"
"289684","4"
"289688","2"
"289692","3"
"289713","4"
"289727","2"
"289732","2"
"289734","3"
"289734","3"
"289743","4"
"289744","4"
"289804","4"
"289843","2"
"289857","3"
"289862","2"
"289864","2"
"289866","2"
"289867","2"
"289870","2"
"289874","4"
"289881","5"
"289892","5"
"289910","4"
"289911","4"
"289912","3"
"289929","4"
"289930","4"
"289977","2"
"289988","2"
"290315","3"
"290367","3"
"290440","3"
"290449","4"
"290457","4"
"290467","3"
"290628","4"
"290628","4"
"290628","4"
"290708","4"
"290709","4"
"290710","4"
"290711","4"
"290713","4"
"290715","4"
"290781","3"
"290782","3"
"290784","3"
"290785","3"
"290786","4"
"290819","5"
"290899","5"
"290911","4"
"290912","4"
"291039","3"
"291105","4"
"291113","4"
"291119","3"
"291127","4"
"291127","4"
"291130","4"
"291309","4"
"291418","4"
"291419","4"
"291421","4"
"291428","4"
"291432","4"
"291457","5"
"291460","3"
"291463","3"
"291464","4"
"291471","4"
"291486","4"
"291512","4"
"291513","4"
"291532","5"
"291534","3"
"291597","4"
"291611","4"
"291620","4"
"291635","3"
"291705","4"
"291765","4"
"291770","3"
"291777","4"
"291785","3"
"292161","2"
"292164","2"
"292166","2"
"292200","3"
"292230","2"
"292230","2"
"292238","3"
"292238","3"
"292246","2"
"292247","4"
"292293","2"
"292317","5"
"292321","2"
"292324","2"
"292326","2"
"292327","2"
"292339","2"
"292339","2"
"292334","2"
"292335","2"
"292336","2"
"292337","2"
"292338","2"
"292340","2"
"292340","2"
"292341","2"
"292341","2"
"292342","2"
"292342","2"
"292343","2"
"292430","4"
"292471","2"
"292488","2"
"292488","2"
"292528","2"
"292544","3"
"292583","3"
"292589","3"
"292593","2"
"292595","3"
"292610","3"
"292631","3"
"292641","3"
"292643","4"
"292644","4"
"292723","4"
"292742","3"
"292762","4"
"292889","2"
"292910","3"
"292913","3"
"292913","3"
"292913","3"
"292930","4"
"292933","2"
"292933","2"
"293056","4"
"293132","2"
"293133","2"
"293151","2"
"293152","2"
"293269","3"
"293289","4"
"293290","4"
"293349","3"
"293349","3"
"293349","3"
"293354","4"
"293358","4"
"293360","4"
"293364","5"
"293365","4"
"293376","3"
"293378","3"
"293378","3"
"293390","3"
"293390","3"
"293390","3"
"293390","3"
"293390","3"
"293392","4"
"293394","3"
"293394","3"
"293395","5"
"293396","4"
"293397","4"
"293398","4"
"293401","4"
"293403","4"
"293437","3"
"293437","3"
"293439","4"
"293442","4"
"293446","4"
"293447","4"
"293450","4"
"293452","4"
"293501","3"
"293507","3"
"293529","4"
"293535","5"
"293542","4"
"293563","3"
"293586","3"
"293623","4"
"293629","4"
"293636","4"
"293653","4"
"293659","4"
"293660","4"
"293673","4"
"293702","4"
"293828","4"
"293831","4"
"293887","4"
"293891","4"
"293914","4"
"293914","4"
"293977","4"
"294016","3"
"294017","3"
"294036","4"
"294122","4"
"294135","4"
"294138","4"
"294155","3"
"294193","4"
"294199","4"
"294213","4"
"294240","4"
"294252","4"
"294252","4"
"294254","3"
"294256","4"
"294256","4"
"294256","4"
"294265","4"
"294384","3"
"294384","3"
"294390","4"
"294391","3"
"294392","3"
"294417","4"
"294417","4"
"294421","4"
"294422","4"
"294490","4"
"294493","4"
"294504","4"
"294518","4"
"294518","4"
"294540","4"
"294557","4"
"294558","4"
"294559","4"
"294560","4"
"294561","4"
"294563","4"
"294667","2"
"294668","2"
"294669","2"
"294670","2"
"294737","4"
"294784","2"
"294790","4"
"294848","4"
"294850","4"
"294854","4"
"294887","4"
"294888","4"
"294904","3"
"294912","2"
"294913","2"
"294923","4"
"294958","4"
"294988","4"
"294992","4"
"295006","2"
"295032","2"
"295034","2"
"295035","2"
"295036","2"
"295038","2"
"295042","2"
"295043","2"
"295045","2"
"295046","2"
"295047","2"
"295048","2"
"295049","2"
"295052","2"
"295052","2"
"295075","2"
"295121","5"
"295122","5"
"295134","4"
"295149","4"
"295158","4"
"295159","4"
"295160","4"
"295161","4"
"295162","4"
"295163","4"
"295164","4"
"295165","4"
"295166","2"
"295167","2"
"295169","2"
"295176","2"
"295179","3"
"295206","3"
"295209","4"
"295212","3"
"295289","4"
"295293","4"
"295362","4"
"295363","4"
"295368","5"
"295369","5"
"295370","5"
"295615","4"
"295627","2"
"295628","2"
"295629","2"
"295641","4"
"295651","4"
"295653","4"
"295656","4"
"295737","3"
"295739","4"
"295740","4"
"295742","4"
"295744","4"
"295751","4"
"295854","4"
"295856","4"
"295858","4"
"295972","4"
"295972","4"
"295975","4"
"295975","4"
"295976","4"
"296006","2"
"296181","4"
"296194","4"
"296197","4"
"296213","4"
"296214","4"
"296229","4"
"296230","4"
"296235","4"
"296237","4"
"296239","3"
"296240","4"
"296241","4"
"296241","4"
"296243","4"
"296243","4"
"296249","4"
"296249","4"
"296250","4"
"296250","4"
"296263","4"
"296272","3"
"296281","3"
"296282","3"
"296284","4"
"296286","2"
"296287","4"
"296291","2"
"296312","3"
"296312","3"
"296353","4"
"296376","3"
"296377","5"
"296378","4"
"296387","4"
"296399","4"
"296423","4"
"296454","3"
"296455","4"
"296456","4"
"296490","2"
"296596","3"
"296601","2"
"296604","2"
"296605","2"
"296606","2"
"296610","2"
"296635","2"
"296652","2"
"296653","2"
"296657","2"
"296660","2"
"296681","4"
"296682","4"
"296694","4"
"296699","4"
"296729","4"
"296801","2"
"296802","2"
"296804","2"
"296806","2"
"296825","4"
"296868","4"
"296871","5"
"296886","4"
"296910","4"
"297002","4"
"297004","4"
"297007","2"
"297011","2"
"297012","2"
"297016","4"
"297019","4"
"297020","4"
"297022","4"
"297028","4"
"297049","4"
"297059","4"
"297062","4"
"297072","4"
"297083","3"
"297085","4"
"297088","4"
"297100","4"
"297103","4"
"297105","4"
"297111","4"
"297113","4"
"297120","4"
"297130","4"
"297147","4"
"297181","4"
"297182","4"
"297224","4"
"297229","4"
"297231","2"
"297233","2"
"297234","4"
"297236","2"
"297238","2"
"297239","3"
"297239","3"
"297243","2"
"297251","3"
"297252","3"
"297254","3"
"297254","3"
"297255","2"
"297259","3"
"297267","4"
"297271","4"
"297280","2"
"297295","4"
"297301","4"
"297303","4"
"297305","4"
"297326","4"
"297356","4"
"297451","4"
"297464","4"
"297479","4"
"297480","4"
"297481","4"
"297482","4"
"297487","4"
"297488","3"
"297489","4"
"297490","4"
"297491","4"
"297494","4"
"297502","4"
"297503","3"
"297699","4"
"297739","4"
"297750","4"
"297763","4"
"297769","2"
"297775","4"
"297783","4"
"297794","2"
"297795","2"
"297799","4"
"297813","4"
"297818","4"
"297823","4"
"297825","4"
"297829","4"
"297830","4"
"297830","4"
"297831","4"
"297839","4"
"297840","4"
"297841","4"
"297842","4"
"297857","3"
"297866","4"
"297870","4"
"297880","4"
"297883","4"
"297910","4"
"297911","4"
"297912","4"
"297916","4"
"297917","4"
"297919","4"
"297920","4"
"297930","3"
"297946","4"
"297947","4"
"297948","4"
"297955","3"
"297961","4"
"297968","4"
"297969","4"
"297988","4"
"297991","4"
"297993","4"
"297997","4"
"297999","4"
"298001","4"
"298004","4"
"298005","4"
"298018","4"
"298036","3"
"298037","4"
"298072","3"
"298073","3"
"298089","4"
"298146","5"
"298157","5"
"298157","5"
"298165","4"
"298206","4"
"298208","4"
"298243","4"
"298245","4"
"298246","4"
"298255","4"
"298258","4"
"298260","4"
"298268","3"
"298272","3"
"298281","3"
"298286","2"
"298288","2"
"298305","4"
"298306","4"
"298326","3"
"298326","3"
"298328","3"
"298328","3"
"298333","4"
"298334","4"
"298337","4"
"298338","4"
"298348","3"
"298351","4"
"298354","4"
"298355","4"
"298370","3"
"298370","3"
"298377","5"
"298402","4"
"298404","4"
"298406","3"
"298408","3"
"298408","3"
"298440","3"
"298448","4"
"298464","4"
"298486","4"
"298487","3"
"298498","4"
"298502","3"
"298519","3"
"298560","3"
"298560","3"
"298562","4"
"298563","4"
"298566","4"
"298656","4"
"298658","4"
"298659","4"
"298660","4"
"298696","4"
"298703","4"
"298712","4"
"298713","4"
"298726","4"
"298732","4"
"298735","4"
"298766","4"
"298767","2"
"298785","4"
"298786","4"
"298787","4"
"298792","4"
"298794","4"
"298800","4"
"298811","4"
"298837","4"
"298820","4"
"298835","4"
"298845","4"
"298847","4"
"298855","4"
"298857","4"
"298874","4"
"298880","3"
"298887","5"
"298936","4"
"298938","4"
"298954","3"
"298954","3"
"298957","3"
"298957","3"
"298960","5"
"298961","3"
"298961","3"
"298962","3"
"298978","4"
"298979","5"
"298983","4"
"298983","4"
"298985","3"
"298990","3"
"299010","3"
"299015","3"
"299024","4"
"299034","4"
"299063","5"
"299078","4"
"299131","3"
"299132","3"
"299132","3"
"299185","4"
"299187","3"
"299189","4"
"299190","4"
"299192","4"
"299223","4"
"299225","4"
"299225","4"
"299226","4"
"299226","4"
"299228","2"
"299247","5"
"299266","3"
"299271","2"
"299274","3"
"299280","2"
"299282","2"
"299284","2"
"299284","2"
"299367","4"
"299445","4"
"299544","4"
"299545","4"
"299546","4"
"299547","4"
"299596","4"
"299610","4"
"299615","4"
"299616","4"
"299619","4"
"299620","4"
"299627","4"
"299708","4"
"299710","4"
"299718","4"
"299759","4"
"299765","4"
"299790","4"
"299796","3"
"299798","3"
"299801","4"
"299809","5"
"299817","4"
"299839","2"
"299888","4"
"299889","4"
"299903","3"
"299910","4"
"299914","3"
"299925","3"
"299945","5"
"300009","4"
"300038","4"
"300039","3"
"300049","4"
"300052","4"
"300061","4"
"300066","3"
"300082","3"
"300082","3"
"300093","4"
"300098","4"
"300098","4"
"300100","4"
"300204","4"
"300212","4"
"300214","4"
"300217","4"
"300224","4"
"300227","4"
"300232","4"
"300233","4"
"300236","4"
"300237","4"
"300261","4"
"300262","4"
"300264","4"
"300266","4"
"300275","4"
"300287","4"
"300294","4"
"300295","3"
"300296","3"
"300298","4"
"300307","4"
"300320","2"
"300321","2"
"300322","2"
"300326","4"
"300327","4"
"300328","4"
"300329","4"
"300341","4"
"300357","2"
"300398","4"
"300405","5"
"300406","4"
"300409","4"
"300419","4"
"300429","4"
"300431","4"
"300432","4"
"300433","4"
"300436","4"
"300437","4"
"300441","4"
"300442","4"
"300443","4"
"300445","4"
"300447","4"
"300451","3"
"300482","4"
"300484","2"
"300561","4"
"300582","4"
"300635","4"
"300671","4"
"300705","3"
"300736","4"
"300829","4"
"300838","3"
"300907","4"
"300909","4"
"300915","4"
"300935","4"
"301010","3"
"301023","3"
"301123","3"
"301132","3"
"301172","4"
"301173","4"
"301181","4"
"301204","4"
"301210","5"
"301218","2"
"301292","2"
"301293","5"
"301311","3"
"301315","3"
"301315","3"
"301317","3"
"301326","3"
"301326","3"
"301340","4"
"301350","3"
"301563","4"
"301579","4"
"301579","4"
"301582","4"
"301582","4"
"301583","4"
"301673","4"
"301674","5"
"301675","5"
"301676","5"
"301707","4"
"301713","2"
"301739","5"
"301745","4"
"301762","3"
"301806","3"
"301812","3"
"301826","3"
"301867","4"
"301868","4"
"301880","4"
"301883","4"
"301884","4"
"301885","5"
"301887","4"
"301890","2"
"301891","2"
"301892","2"
"301893","2"
"301905","2"
"301944","5"
"301984","4"
"302014","3"
"302041","5"
"302060","4"
"302104","4"
"302105","4"
"302122","4"
"302135","2"
"302145","3"
"302147","5"
"302193","3"
"302194","2"
"302236","4"
"302261","4"
"302288","4"
"302294","4"
"302299","4"
"302387","2"
"302399","2"
"302436","4"
"302445","2"
"302460","3"
"302461","3"
"302485","4"
"302541","4"
"302605","3"
"302627","3"
"302628","4"
"302629","4"
"302658","4"
"302663","4"
"302666","4"
"302668","4"
"302670","4"
"302761","4"
"302762","2"
"302764","2"
"302766","2"
"302775","4"
"302886","4"
"302889","4"
"302891","4"
"302892","4"
"302893","4"
"302894","4"
"302897","4"
"302898","4"
"302905","2"
"302951","4"
"302984","4"
"302985","4"
"302989","4"
"302991","4"
"303000","4"
"303001","4"
"303002","4"
"303004","4"
"303013","4"
"303026","4"
"303036","4"
"303039","4"
"303041","4"
"303102","4"
"303104","4"
"303104","4"
"303105","4"
"303112","4"
"303116","4"
"303120","4"
"303122","4"
"303128","4"
"303129","4"
"303130","4"
"303132","4"
"303139","4"
"303142","4"
"303143","4"
"303150","4"
"303151","4"
"303153","4"
"303154","4"
"303156","4"
"303163","4"
"303170","4"
"303175","4"
"303178","4"
"303179","4"
"303192","4"
"303198","4"
"303199","4"
"303202","4"
"303213","4"
"303223","4"
"303224","4"
"303228","4"
"303245","4"
"303246","4"
"303251","4"
"303258","4"
"303259","4"
"303265","4"
"303267","4"
"303275","4"
"303277","4"
"303279","4"
"303280","4"
"303281","4"
"303283","4"
"303285","4"
"303286","4"
"303307","4"
"303308","4"
"303309","4"
"303310","4"
"303311","4"
"303312","4"
"303317","4"
"303318","4"
"303319","4"
"303321","4"
"303323","3"
"303328","3"
"303328","3"
"303329","4"
"303331","3"
"303338","2"
"303341","2"
"303346","4"
"303361","4"
"303372","4"
"303373","4"
"303374","4"
"303375","4"
"303376","4"
"303377","4"
"303379","4"
"303383","4"
"303384","4"
"303385","4"
"303386","4"
"303389","4"
"303395","4"
"303397","4"
"303399","4"
"303400","4"
"303401","4"
"303402","4"
"303406","3"
"303410","4"
"303412","4"
"303415","4"
"303419","4"
"303424","3"
"303426","4"
"303427","4"
"303429","4"
"303432","4"
"303564","2"
"303564","2"
"303580","2"
"303581","2"
"303582","2"
"303583","2"
"303647","4"
"303648","4"
"303650","4"
"303657","4"
"303657","4"
"303681","3"
"303688","4"
"303689","4"
"303691","4"
"303693","4"
"303722","4"
"303736","4"
"303742","4"
"303754","4"
"303760","4"
"303763","4"
"303773","4"
"303774","4"
"303775","4"
"303778","4"
"303806","2"
"303811","2"
"303838","4"
"303839","4"
"303861","4"
"303877","4"
"303885","2"
"303887","2"
"303888","2"
"303890","2"
"303922","2"
"303930","4"
"303932","4"
"303971","4"
"303973","4"
"303975","4"
"303980","4"
"303982","4"
"303988","4"
"303991","4"
"303994","4"
"303999","2"
"304007","4"
"304017","4"
"304022","4"
"304023","4"
"304024","3"
"304027","4"
"304030","4"
"304031","4"
"304058","4"
"304061","4"
"304062","4"
"304064","4"
"304082","4"
"304092","3"
"304113","3"
"304114","3"
"304120","5"
"304216","4"
"304231","3"
"304256","4"
"304295","3"
"304296","3"
"304340","4"
"304370","4"
"304386","2"
"304387","2"
"304407","5"
"304455","4"
"304456","4"
"304488","4"
"304575","3"
"304576","3"
"304608","4"
"304771","4"
"304771","4"
"304790","4"
"304795","3"
"304796","2"
"304806","2"
"304805","2"
"304892","2"
"305091","4"
"305347","4"
"305375","2"
"305379","2"
"305383","2"
"305385","2"
"305388","2"
"305390","2"
"305412","4"
"305413","4"
"305414","4"
"305496","4"
"305497","4"
"305500","2"
"305501","4"
"305551","4"
"305559","4"
"305561","4"
"305562","4"
"305563","4"
"305564","3"
"305566","4"
"305567","3"
"305584","5"
"305585","5"
"305586","5"
"305587","5"
"305608","2"
"305609","2"
"305659","4"
"305695","4"
"305698","5"
"305760","3"
"305818","3"
"305819","3"
"305822","3"
"305828","4"
"305837","4"
"305849","4"
"305850","4"
"305853","4"
"305855","4"
"305861","2"
"305862","2"
"305868","2"
"305928","3"
"305933","3"
"305985","3"
"306001","3"
"306251","3"
"306253","3"
"306362","5"
"306399","4"
"306475","4"
"306477","4"
"306478","4"
"306496","4"
"306499","4"
"306500","4"
"306507","4"
"306518","4"
"306518","4"
"306518","4"
"306519","4"
"306519","4"
"306538","4"
"306539","4"
"306566","2"
"306567","2"
"306568","2"
"306569","2"
"306574","2"
"306575","2"
"306577","2"
"306579","2"
"306580","2"
"306581","2"
"306597","5"
"306598","5"
"306601","5"
"306602","4"
"306608","4"
"306667","3"
"306671","4"
"306751","2"
"306754","3"
"306777","2"
"306780","2"
"306792","2"
"306793","2"
"306795","2"
"306797","2"
"306798","2"
"306807","4"
"306884","4"
"306964","4"
"306974","4"
"306974","4"
"306975","4"
"307052","5"
"307052","5"
"307063","3"
"307067","4"
"307205","4"
"307205","4"
"307300","3"
"307305","3"
"307330","3"
"307333","4"
"307336","3"
"307337","5"
"307354","4"
"307382","4"
"307383","3"
"307383","3"
"307386","3"
"307391","5"
"307395","4"
"307473","5"
"307476","4"
"307533","4"
"307571","2"
"307571","2"
"307726","4"
"307728","4"
"307730","4"
"307732","4"
"307740","3"
"307865","4"
"307867","4"
"307868","4"
"307870","4"
"307974","3"
"307975","3"
"307983","3"
"307984","3"
"308021","4"
"308024","2"
"308025","3"
"308031","3"
"308033","2"
"308035","5"
"308064","4"
"308066","4"
"308069","4"
"308070","2"
"308109","4"
"308112","4"
"308133","4"
"308135","4"
"308168","3"
"308171","3"
"308200","4"
"308222","4"
"308226","4"
"308251","4"
"308305","2"
"308440","5"
"308444","5"
"308488","3"
"308490","4"
"308494","4"
"308496","3"
"308497","3"
"308520","4"
"308627","2"
"308647","4"
"308728","4"
"308752","4"
"308754","4"
"308756","4"
"308757","4"
"308772","4"
"308774","4"
"308841","4"
"308865","4"
"308894","4"
"308896","4"
"308901","4"
"308928","4"
"308930","4"
"308931","4"
"308934","4"
"308952","4"
"308955","4"
"308959","4"
"308967","4"
"308970","4"
"309001","4"
"309006","5"
"309008","5"
"309051","4"
"309055","4"
"309059","4"
"309061","4"
"309103","4"
"309104","4"
"309104","4"
"309104","4"
"309118","3"
"309119","4"
"309120","4"
"309122","4"
"309131","4"
"309149","5"
"309150","5"
"309151","5"
"309356","5"
"309357","4"
"309400","3"
"309577","3"
"309610","4"
"309615","4"
"309619","4"
"309624","4"
"309654","4"
"309654","4"
"309802","2"
"309821","4"
"309822","4"
"309827","4"
"309828","4"
"309880","4"
"309881","4"
"309884","4"
"309885","4"
"309993","3"
"310151","4"
"310152","4"
"310407","3"
"310609","3"
"310613","3"
"310617","3"
"310736","3"
"310753","2"
"310754","2"
"310755","2"
"310756","2"
"310828","2"
"310829","3"
"310846","4"
"310889","4"
"310890","4"
"310938","4"
"310946","4"
"310953","4"
"310954","4"
"311128","2"
"311151","2"
"311191","3"
"311219","2"
"311221","2"
"311222","2"
"311223","2"
"311285","4"
"311288","4"
"311289","4"
"311290","4"
"311292","4"
"311306","4"
"311307","4"
"311308","4"
"311317","4"
"311323","4"
"311326","4"
"311329","4"
"311332","4"
"311333","4"
"311346","3"
"311358","3"
"311368","3"
"311369","3"
"311380","4"
"311381","4"
"311423","2"
"311424","2"
"311592","2"
"311593","2"
"311594","2"
"311597","2"
"311598","2"
"311614","3"
"311631","2"
"311642","2"
"311669","2"
"311861","4"
"311863","4"
"311882","4"
"311886","4"
"311894","4"
"311895","4"
"311897","4"
"311899","4"
"311903","4"
"311927","2"
"311954","4"
"311955","4"
"311963","4"
"311964","4"
"311966","4"
"311968","4"
"311969","4"
"311970","4"
"312112","4"
"312113","4"
"312117","4"
"312122","4"
"312129","4"
"312132","4"
"312142","4"
"312143","4"
"312145","4"
"312148","4"
"312174","2"
"312206","3"
"312220","4"
"312221","2"
"312229","4"
"312304","4"
"312347","4"
"312349","4"
"312352","4"
"312369","3"
"312370","4"
"312371","4"
"312374","3"
"312375","4"
"312376","4"
"312377","3"
"312378","4"
"312379","4"
"312380","4"
"312385","4"
"312422","4"
"312423","4"
"312424","4"
"312425","4"
"312426","4"
"312428","4"
"312430","4"
"312431","4"
"312433","4"
"312437","4"
"312444","4"
"312449","2"
"312477","3"
"312486","4"
"312488","4"
"312491","4"
"312497","2"
"312513","2"
"312518","4"
"312519","4"
"312521","4"
"312524","4"
"312526","4"
"312527","4"
"312528","4"
"312530","4"
"312560","2"
"312660","4"
"312674","4"
"312700","3"
"312852","4"
"312853","2"
"312855","2"
"312877","2"
"312880","4"
"312933","3"
"313034","4"
"313058","2"
"313061","2"
"313093","3"
"313099","4"
"313103","4"
"313145","4"
"313222","3"
"313226","3"
"313304","4"
"313331","2"
"313332","2"
"313333","2"
"313339","2"
"313340","2"
"313341","2"
"313344","5"
"313405","5"
"313406","4"
"313407","4"
"313409","4"
"313434","4"
"313484","4"
"313499","4"
"313502","4"
"313521","4"
"313533","4"
"313537","4"
"313551","3"
"313558","3"
"313558","3"
"313559","3"
"313559","3"
"313582","5"
"313583","4"
"313585","4"
"313586","4"
"313594","4"
"313603","4"
"313640","4"
"313658","2"
"313659","2"
"313661","2"
"313671","4"
"313677","4"
"313678","4"
"313678","4"
"313679","4"
"313679","4"
"313726","4"
"313742","4"
"313742","4"
"313750","4"
"313787","4"
"313793","3"
"313821","4"
"313822","5"
"313823","5"
"313825","5"
"313867","4"
"313885","3"
"313891","2"
"313893","2"
"313895","2"
"313897","2"
"313898","2"
"313899","2"
"313900","2"
"313901","2"
"313948","3"
"313957","4"
"313961","3"
"313971","4"
"313977","4"
"313980","4"
"314083","2"
"314084","2"
"314085","2"
"314098","2"
"314114","3"
"314131","4"
"314133","4"
"314134","4"
"314139","4"
"314143","4"
"314150","4"
"314162","4"
"314171","3"
"314200","2"
"314201","2"
"314202","2"
"314203","2"
"314211","3"
"314223","4"
"314250","3"
"314269","4"
"314288","2"
"314292","2"
"314354","4"
"314362","2"
"314365","2"
"314368","2"
"314370","2"
"314385","5"
"314396","4"
"314424","3"
"314442","3"
"314482","3"
"314485","3"
"314491","4"
"314495","3"
"314599","4"
"314708","4"
"314711","4"
"314750","4"
"314753","4"
"314809","2"
"314829","3"
"314902","4"
"314906","4"
"314913","2"
"314914","2"
"314938","3"
"315005","4"
"315138","3"
"315196","3"
"315226","2"
"315242","2"
"315256","2"
"315258","2"
"315259","2"
"315260","2"
"315278","2"
"315279","2"
"315282","2"
"315283","2"
"315287","2"
"315293","2"
"315294","3"
"315296","3"
"315298","3"
"315301","2"
"315306","2"
"315307","2"
"315308","2"
"315310","2"
"315312","2"
"315314","2"
"315370","4"
"315405","4"
"315412","2"
"315450","2"
"315531","3"
"315534","4"
"315634","3"
"315673","3"
"315779","4"
"315781","4"
"315786","4"
"315787","4"
"315788","4"
"315789","4"
"315790","4"
"315791","4"
"315792","4"
"315793","4"
"315794","2"
"315847","4"
"315848","5"
"315919","2"
"315942","4"
"316115","3"
"316182","3"
"316198","4"
"316310","4"
"316320","2"
"316330","3"
"316344","5"
"316347","5"
"316352","5"
"316357","4"
"316366","3"
"316391","5"
"316392","5"
"316408","3"
"316415","4"
"316416","4"
"316451","2"
"316453","3"
"316497","4"
"316523","4"
"316525","3"
"316608","4"
"316624","3"
"316642","4"
"316703","2"
"316711","2"
"316712","2"
"316848","2"
"316849","2"
"316850","2"
"316851","2"
"316853","2"
"316910","4"
"316915","4"
"316919","4"
"316934","4"
"316935","4"
"316966","2"
"316990","4"
"317050","4"
"317053","4"
"317128","4"
"317152","4"
"317169","3"
"317172","2"
"317173","3"
"317431","3"
"317564","4"
"317581","3"
"317585","2"
"317590","4"
"317821","4"
"317873","2"
"317906","2"
